/	config.views.home	home
/accounting/	FinAsis.apps.accounting.views.index	accounting:home
/accounting/	rest_framework.routers.APIRootView	accounting:api-root
/accounting/<drf_format_suffix:format>	rest_framework.routers.APIRootView	accounting:api-root
/accounting/api/accounts/search/	FinAsis.apps.accounting.api.account_search	accounting:api_account_search
/accounting/api/ai/analyze-finance/	FinAsis.apps.accounting.api.ai_analyze_finance	accounting:api_ai_analyze_finance
/accounting/api/ai/nlp/preview-voucher/	FinAsis.apps.accounting.api.nlp_preview_voucher	accounting:api_nlp_preview_voucher
/accounting/api/ai/rules/apply/	FinAsis.apps.accounting.api.apply_autobook_rule	accounting:api_rules_apply
/accounting/api/ai/rules/derive-from-preview/	FinAsis.apps.accounting.api.derive_rule_from_preview	accounting:api_rules_derive_from_preview
/accounting/api/ai/rules/suggest/	FinAsis.apps.accounting.api.suggest_autobook_rules	accounting:api_rules_suggest
/accounting/api/ai/rules/test/	FinAsis.apps.accounting.api.test_autobook_rule	accounting:api_rules_test
/accounting/api/ai/stt/preview-voucher/	FinAsis.apps.accounting.api.stt_preview_voucher	accounting:api_stt_preview_voucher
/accounting/api/ai/suggest-entry/	FinAsis.apps.accounting.api.ai_suggest_entry	accounting:api_ai_suggest_entry
/accounting/api/bankaccounts/	FinAsis.apps.accounting.api.BankAccountViewSet	accounting:api_bankaccounts-list
/accounting/api/bankaccounts/<pk>/	FinAsis.apps.accounting.api.BankAccountViewSet	accounting:api_bankaccounts-detail
/accounting/api/bankaccounts/<pk>\.<format>/	FinAsis.apps.accounting.api.BankAccountViewSet	accounting:api_bankaccounts-detail
/accounting/api/bankaccounts\.<format>/	FinAsis.apps.accounting.api.BankAccountViewSet	accounting:api_bankaccounts-list
/accounting/api/banktransactions/	FinAsis.apps.accounting.api.BankTransactionViewSet	accounting:api_banktransactions-list
/accounting/api/banktransactions/<pk>/	FinAsis.apps.accounting.api.BankTransactionViewSet	accounting:api_banktransactions-detail
/accounting/api/banktransactions/<pk>\.<format>/	FinAsis.apps.accounting.api.BankTransactionViewSet	accounting:api_banktransactions-detail
/accounting/api/banktransactions\.<format>/	FinAsis.apps.accounting.api.BankTransactionViewSet	accounting:api_banktransactions-list
/accounting/api/companies/	FinAsis.apps.accounting.api.CompanyViewSet	accounting:api_companies-list
/accounting/api/companies/<pk>/	FinAsis.apps.accounting.api.CompanyViewSet	accounting:api_companies-detail
/accounting/api/companies/<pk>\.<format>/	FinAsis.apps.accounting.api.CompanyViewSet	accounting:api_companies-detail
/accounting/api/companies\.<format>/	FinAsis.apps.accounting.api.CompanyViewSet	accounting:api_companies-list
/accounting/api/customers/	FinAsis.apps.accounting.api.CustomerViewSet	accounting:api_customers-list
/accounting/api/customers/<pk>/	FinAsis.apps.accounting.api.CustomerViewSet	accounting:api_customers-detail
/accounting/api/customers/<pk>\.<format>/	FinAsis.apps.accounting.api.CustomerViewSet	accounting:api_customers-detail
/accounting/api/customers\.<format>/	FinAsis.apps.accounting.api.CustomerViewSet	accounting:api_customers-list
/accounting/api/docs/	drf_yasg.views.SchemaView	accounting:api_docs
/accounting/api/expenses/	FinAsis.apps.accounting.api.ExpenseViewSet	accounting:api_expenses-list
/accounting/api/expenses/<pk>/	FinAsis.apps.accounting.api.ExpenseViewSet	accounting:api_expenses-detail
/accounting/api/expenses/<pk>\.<format>/	FinAsis.apps.accounting.api.ExpenseViewSet	accounting:api_expenses-detail
/accounting/api/expenses\.<format>/	FinAsis.apps.accounting.api.ExpenseViewSet	accounting:api_expenses-list
/accounting/api/export/summary/excel/	FinAsis.apps.accounting.api.export_summary_excel	accounting:api_export_summary_excel
/accounting/api/export/summary/json/	FinAsis.apps.accounting.api.export_summary_json	accounting:api_export_summary_json
/accounting/api/export/summary/pdf/	FinAsis.apps.accounting.api.export_summary_pdf	accounting:api_export_summary_pdf
/accounting/api/export/summary/xml/	FinAsis.apps.accounting.api.export_summary_xml	accounting:api_export_summary_xml
/accounting/api/gamification/award-badge/	FinAsis.apps.accounting.api.award_user_badge	accounting:api_gamification_award_badge
/accounting/api/gamification/level-up/	FinAsis.apps.accounting.api.level_up_user	accounting:api_gamification_level_up
/accounting/api/invoiceitems/	FinAsis.apps.accounting.api.InvoiceItemViewSet	accounting:api_invoiceitems-list
/accounting/api/invoiceitems/<pk>/	FinAsis.apps.accounting.api.InvoiceItemViewSet	accounting:api_invoiceitems-detail
/accounting/api/invoiceitems/<pk>\.<format>/	FinAsis.apps.accounting.api.InvoiceItemViewSet	accounting:api_invoiceitems-detail
/accounting/api/invoiceitems\.<format>/	FinAsis.apps.accounting.api.InvoiceItemViewSet	accounting:api_invoiceitems-list
/accounting/api/invoices/	FinAsis.apps.accounting.api.InvoiceViewSet	accounting:api_invoices-list
/accounting/api/invoices/<pk>/	FinAsis.apps.accounting.api.InvoiceViewSet	accounting:api_invoices-detail
/accounting/api/invoices/<pk>\.<format>/	FinAsis.apps.accounting.api.InvoiceViewSet	accounting:api_invoices-detail
/accounting/api/invoices\.<format>/	FinAsis.apps.accounting.api.InvoiceViewSet	accounting:api_invoices-list
/accounting/api/ocr/confirm-voucher/	FinAsis.apps.accounting.api.ocr_confirm_voucher	accounting:api_ocr_confirm_voucher
/accounting/api/ocr/preview-voucher/	FinAsis.apps.accounting.api.ocr_preview_voucher	accounting:api_ocr_preview_voucher
/accounting/api/payments/	FinAsis.apps.accounting.api.PaymentViewSet	accounting:api_payments-list
/accounting/api/payments/<pk>/	FinAsis.apps.accounting.api.PaymentViewSet	accounting:api_payments-detail
/accounting/api/payments/<pk>\.<format>/	FinAsis.apps.accounting.api.PaymentViewSet	accounting:api_payments-detail
/accounting/api/payments\.<format>/	FinAsis.apps.accounting.api.PaymentViewSet	accounting:api_payments-list
/accounting/api/products/	FinAsis.apps.accounting.api.ProductViewSet	accounting:api_products-list
/accounting/api/products/<pk>/	FinAsis.apps.accounting.api.ProductViewSet	accounting:api_products-detail
/accounting/api/products/<pk>\.<format>/	FinAsis.apps.accounting.api.ProductViewSet	accounting:api_products-detail
/accounting/api/products\.<format>/	FinAsis.apps.accounting.api.ProductViewSet	accounting:api_products-list
/accounting/api/redoc/	drf_yasg.views.SchemaView	accounting:api_redoc
/accounting/api/sales/	FinAsis.apps.accounting.api.SaleViewSet	accounting:api_sales-list
/accounting/api/sales/<pk>/	FinAsis.apps.accounting.api.SaleViewSet	accounting:api_sales-detail
/accounting/api/sales/<pk>\.<format>/	FinAsis.apps.accounting.api.SaleViewSet	accounting:api_sales-detail
/accounting/api/sales\.<format>/	FinAsis.apps.accounting.api.SaleViewSet	accounting:api_sales-list
/accounting/api/sync/	FinAsis.apps.accounting.api.sync_data	accounting:api_sync
/accounting/api/webhook/	FinAsis.apps.accounting.api.webhook_receiver	accounting:api_webhook
/accounting/auto-book/	FinAsis.apps.accounting.views_extra.report_views.auto_book_view	accounting:auto_book
/accounting/bankaccounts/	FinAsis.apps.accounting.views_extra.bankaccount_views.bankaccount_list	accounting:bankaccount_list
/accounting/bankaccounts/<int:pk>/	FinAsis.apps.accounting.views_extra.bankaccount_views.bankaccount_detail	accounting:bankaccount_detail
/accounting/bankaccounts/<int:pk>/delete/	FinAsis.apps.accounting.views_extra.bankaccount_views.bankaccount_delete	accounting:bankaccount_delete
/accounting/bankaccounts/<int:pk>/update/	FinAsis.apps.accounting.views_extra.bankaccount_views.bankaccount_update	accounting:bankaccount_update
/accounting/bankaccounts/create/	FinAsis.apps.accounting.views_extra.bankaccount_views.bankaccount_create	accounting:bankaccount_create
/accounting/banktransactions/	FinAsis.apps.accounting.views_extra.banktransaction_views.banktransaction_list	accounting:banktransaction_list
/accounting/banktransactions/<int:pk>/	FinAsis.apps.accounting.views_extra.banktransaction_views.banktransaction_detail	accounting:banktransaction_detail
/accounting/banktransactions/<int:pk>/delete/	FinAsis.apps.accounting.views_extra.banktransaction_views.banktransaction_delete	accounting:banktransaction_delete
/accounting/banktransactions/<int:pk>/update/	FinAsis.apps.accounting.views_extra.banktransaction_views.banktransaction_update	accounting:banktransaction_update
/accounting/banktransactions/create/	FinAsis.apps.accounting.views_extra.banktransaction_views.banktransaction_create	accounting:banktransaction_create
/accounting/companies/	FinAsis.apps.accounting.views_extra.company_views.company_list	accounting:company_list
/accounting/companies/<int:pk>/	FinAsis.apps.accounting.views_extra.company_views.company_detail	accounting:company_detail
/accounting/companies/<int:pk>/ai-summary/	FinAsis.apps.accounting.views_extra.company_views.company_ai_summary	accounting:company_ai_summary
/accounting/companies/<int:pk>/delete/	FinAsis.apps.accounting.views_extra.company_views.company_delete	accounting:company_delete
/accounting/companies/<int:pk>/pdf/	FinAsis.apps.accounting.views_extra.company_views.company_pdf	accounting:company_pdf
/accounting/companies/<int:pk>/update/	FinAsis.apps.accounting.views_extra.company_views.company_update	accounting:company_update
/accounting/companies/create/	FinAsis.apps.accounting.views_extra.company_views.company_create	accounting:company_create
/accounting/customers/	FinAsis.apps.accounting.views_extra.customer_views.customer_list	accounting:customer_list
/accounting/customers/<int:pk>/	FinAsis.apps.accounting.views_extra.customer_views.customer_detail	accounting:customer_detail
/accounting/customers/<int:pk>/delete/	FinAsis.apps.accounting.views_extra.customer_views.customer_delete	accounting:customer_delete
/accounting/customers/<int:pk>/update/	FinAsis.apps.accounting.views_extra.customer_views.customer_update	accounting:customer_update
/accounting/customers/create/	FinAsis.apps.accounting.views_extra.customer_views.customer_create	accounting:customer_create
/accounting/declarations/	FinAsis.apps.accounting.views_extra.report_views.declaration_report_list	accounting:declaration_report_list
/accounting/declarations/babs/	FinAsis.apps.accounting.views_extra.report_views.babs_report_view	accounting:babs_report
/accounting/declarations/babs/xml/	FinAsis.apps.accounting.views_extra.report_views.babs_xml_download	accounting:babs_xml_download
/accounting/declarations/kdv/	FinAsis.apps.accounting.views_extra.report_views.kdv_report_view	accounting:kdv_report
/accounting/declarations/kdv/xml/	FinAsis.apps.accounting.views_extra.report_views.kdv_xml_download	accounting:kdv_xml_download
/accounting/declarations/muhtasar/	FinAsis.apps.accounting.views_extra.report_views.muhtasar_report_view	accounting:muhtasar_report
/accounting/declarations/muhtasar/xml/	FinAsis.apps.accounting.views_extra.report_views.muhtasar_xml_download	accounting:muhtasar_xml_download
/accounting/defter/demirbas/	FinAsis.apps.accounting.views_extra.report_views.demirbas_defteri_view	accounting:demirbas_defteri
/accounting/defter/envanter/	FinAsis.apps.accounting.views_extra.report_views.envanter_defteri_view	accounting:envanter_defteri
/accounting/defter/kasa/	FinAsis.apps.accounting.views_extra.report_views.kasa_defteri_view	accounting:kasa_defteri
/accounting/defter/kebir/	FinAsis.apps.accounting.views_extra.report_views.kebir_defteri_view	accounting:kebir_defteri
/accounting/defter/mizan/	FinAsis.apps.accounting.views_extra.report_views.mizan_defteri_view	accounting:mizan_defteri
/accounting/defter/yevmiye/	FinAsis.apps.accounting.views_extra.report_views.yevmiye_defteri_view	accounting:yevmiye_defteri
/accounting/edefter/<int:pk>/get-berat/	FinAsis.apps.accounting.views.edefter_get_berat	accounting:edefter_get_berat
/accounting/edefter/<int:pk>/send-gib/	FinAsis.apps.accounting.views.edefter_send_gib	accounting:edefter_send_gib
/accounting/expenses/	FinAsis.apps.accounting.views_extra.expense_views.expense_list	accounting:expense_list
/accounting/expenses/<int:pk>/	FinAsis.apps.accounting.views_extra.expense_views.expense_detail	accounting:expense_detail
/accounting/expenses/<int:pk>/delete/	FinAsis.apps.accounting.views_extra.expense_views.expense_delete	accounting:expense_delete
/accounting/expenses/<int:pk>/update/	FinAsis.apps.accounting.views_extra.expense_views.expense_update	accounting:expense_update
/accounting/expenses/create/	FinAsis.apps.accounting.views_extra.expense_views.expense_create	accounting:expense_create
/accounting/finansal/analiz/	FinAsis.apps.accounting.views_extra.report_views.financial_analysis_view	accounting:financial_analysis
/accounting/finansal/bilanco/	FinAsis.apps.accounting.views_extra.report_views.bilanco_view	accounting:bilanco
/accounting/finansal/gelir-tablosu/	FinAsis.apps.accounting.views_extra.report_views.gelir_tablosu_view	accounting:gelir_tablosu
/accounting/finansal/nakit-akisi/	FinAsis.apps.accounting.views_extra.report_views.nakit_akisi_tablosu_view	accounting:nakit_akisi_tablosu
/accounting/home/	FinAsis.apps.accounting.views.home	accounting:accounting_home
/accounting/invoices/	FinAsis.apps.accounting.views_extra.invoice_views.invoice_list	accounting:invoice_list
/accounting/invoices/<int:pk>/	FinAsis.apps.accounting.views_extra.invoice_views.invoice_detail	accounting:invoice_detail
/accounting/invoices/<int:pk>/cancel-gib/	FinAsis.apps.accounting.views_extra.invoice_views.invoice_cancel_gib	accounting:invoice_cancel_gib
/accounting/invoices/<int:pk>/check-gib/	FinAsis.apps.accounting.views_extra.invoice_views.invoice_check_gib_status	accounting:invoice_check_gib_status
/accounting/invoices/<int:pk>/delete/	FinAsis.apps.accounting.views_extra.invoice_views.invoice_delete	accounting:invoice_delete
/accounting/invoices/<int:pk>/send-gib/	FinAsis.apps.accounting.views_extra.invoice_views.invoice_send_gib	accounting:invoice_send_gib
/accounting/invoices/<int:pk>/update/	FinAsis.apps.accounting.views_extra.invoice_views.invoice_update	accounting:invoice_update
/accounting/invoices/<int:pk>/xml/	FinAsis.apps.accounting.views_extra.invoice_views.invoice_xml_download	accounting:invoice_xml_download
/accounting/invoices/create/	FinAsis.apps.accounting.views_extra.invoice_views.invoice_create	accounting:invoice_create
/accounting/payments/	FinAsis.apps.accounting.views_extra.payment_views.payment_list	accounting:payment_list
/accounting/payments/<int:pk>/	FinAsis.apps.accounting.views_extra.payment_views.payment_detail	accounting:payment_detail
/accounting/payments/<int:pk>/delete/	FinAsis.apps.accounting.views_extra.payment_views.payment_delete	accounting:payment_delete
/accounting/payments/<int:pk>/update/	FinAsis.apps.accounting.views_extra.payment_views.payment_update	accounting:payment_update
/accounting/payments/create/	FinAsis.apps.accounting.views_extra.payment_views.payment_create	accounting:payment_create
/accounting/products/	FinAsis.apps.accounting.views_extra.product_views.product_list	accounting:product_list
/accounting/products/<int:pk>/	FinAsis.apps.accounting.views_extra.product_views.product_detail	accounting:product_detail
/accounting/products/<int:pk>/delete/	FinAsis.apps.accounting.views_extra.product_views.product_delete	accounting:product_delete
/accounting/products/<int:pk>/update/	FinAsis.apps.accounting.views_extra.product_views.product_update	accounting:product_update
/accounting/products/create/	FinAsis.apps.accounting.views_extra.product_views.product_create	accounting:product_create
/accounting/purchase-invoices/	FinAsis.apps.accounting.views_extra.purchase_invoice_views.purchase_invoice_list	accounting:purchase_invoice_list
/accounting/purchase-invoices/<int:pk>/	FinAsis.apps.accounting.views_extra.purchase_invoice_views.purchase_invoice_detail	accounting:purchase_invoice_detail
/accounting/purchase-invoices/<int:pk>/delete/	FinAsis.apps.accounting.views_extra.purchase_invoice_views.purchase_invoice_delete	accounting:purchase_invoice_delete
/accounting/purchase-invoices/<int:pk>/update/	FinAsis.apps.accounting.views_extra.purchase_invoice_views.purchase_invoice_update	accounting:purchase_invoice_update
/accounting/purchase-invoices/create/	FinAsis.apps.accounting.views_extra.purchase_invoice_views.purchase_invoice_create	accounting:purchase_invoice_create
/accounting/report/	FinAsis.apps.accounting.views_extra.report_views.report_redirect	accounting:report_redirect
/accounting/report/chart/	FinAsis.apps.accounting.views_extra.report_views.income_expense_chart_data	accounting:chart_data
/accounting/report/dashboard/	FinAsis.apps.accounting.views_extra.report_views.chart_dashboard	accounting:dashboard
/accounting/report/summary-pdf/	FinAsis.apps.accounting.views_extra.report_views.summary_report_pdf	accounting:summary_report_pdf
/accounting/report/summary/	FinAsis.apps.accounting.views_extra.report_views.summary_report	accounting:summary_report
/accounting/reports/ap-aging/	FinAsis.apps.accounting.views_extra.report_views.ap_aging_view	accounting:ap_aging
/accounting/reports/ar-aging/	FinAsis.apps.accounting.views_extra.report_views.ar_aging_view	accounting:ar_aging
/accounting/reports/variance/	FinAsis.apps.accounting.views_extra.report_views.variance_analysis_view	accounting:variance_analysis
/accounting/rules/	FinAsis.apps.accounting.views_extra.report_views.rule_manager_view	accounting:rule_manager
/accounting/sales/	FinAsis.apps.accounting.views_extra.sale_views.sale_list	accounting:sale_list
/accounting/sales/<int:pk>/	FinAsis.apps.accounting.views_extra.sale_views.sale_detail	accounting:sale_detail
/accounting/sales/<int:pk>/delete/	FinAsis.apps.accounting.views_extra.sale_views.sale_delete	accounting:sale_delete
/accounting/sales/<int:pk>/update/	FinAsis.apps.accounting.views_extra.sale_views.sale_update	accounting:sale_update
/accounting/sales/create/	FinAsis.apps.accounting.views_extra.sale_views.sale_create	accounting:sale_create
/accounting/scenarios/	FinAsis.apps.accounting.views_extra.scenario_views.scenario_list	accounting:scenario_list
/accounting/scenarios/<int:pk>/	FinAsis.apps.accounting.views_extra.scenario_views.scenario_detail	accounting:scenario_detail
/accounting/scenarios/<int:pk>/delete/	FinAsis.apps.accounting.views_extra.scenario_views.scenario_delete	accounting:scenario_delete
/accounting/scenarios/<int:pk>/update/	FinAsis.apps.accounting.views_extra.scenario_views.scenario_update	accounting:scenario_update
/accounting/scenarios/create/	FinAsis.apps.accounting.views_extra.scenario_views.scenario_create	accounting:scenario_create
/accounting/vendor-payments/	FinAsis.apps.accounting.views_extra.vendor_payment_views.vendor_payment_list	accounting:vendor_payment_list
/accounting/vendor-payments/<int:pk>/	FinAsis.apps.accounting.views_extra.vendor_payment_views.vendor_payment_detail	accounting:vendor_payment_detail
/accounting/vendor-payments/<int:pk>/delete/	FinAsis.apps.accounting.views_extra.vendor_payment_views.vendor_payment_delete	accounting:vendor_payment_delete
/accounting/vendor-payments/<int:pk>/update/	FinAsis.apps.accounting.views_extra.vendor_payment_views.vendor_payment_update	accounting:vendor_payment_update
/accounting/vendor-payments/create/	FinAsis.apps.accounting.views_extra.vendor_payment_views.vendor_payment_create	accounting:vendor_payment_create
/accounting/vendors/	FinAsis.apps.accounting.views_extra.vendor_views.vendor_list	accounting:vendor_list
/accounting/vendors/<int:pk>/	FinAsis.apps.accounting.views_extra.vendor_views.vendor_detail	accounting:vendor_detail
/accounting/vendors/<int:pk>/delete/	FinAsis.apps.accounting.views_extra.vendor_views.vendor_delete	accounting:vendor_delete
/accounting/vendors/<int:pk>/update/	FinAsis.apps.accounting.views_extra.vendor_views.vendor_update	accounting:vendor_update
/accounting/vendors/create/	FinAsis.apps.accounting.views_extra.vendor_views.vendor_create	accounting:vendor_create
/accounts/	FinAsis.apps.accounts.views.accounts_home	accounts:accounts_home
/accounts/ai-assistant/	rest_framework.routers.APIRootView	accounts:ai_assistant:api-root
/accounts/ai-assistant/<drf_format_suffix:format>	rest_framework.routers.APIRootView	accounts:ai_assistant:api-root
/accounts/ai-assistant/ai-feedback/	FinAsis.apps.ai_assistant.views.AIFeedbackViewSet	accounts:ai_assistant:aifeedback-list
/accounts/ai-assistant/ai-feedback/<pk>/	FinAsis.apps.ai_assistant.views.AIFeedbackViewSet	accounts:ai_assistant:aifeedback-detail
/accounts/ai-assistant/ai-feedback/<pk>\.<format>/	FinAsis.apps.ai_assistant.views.AIFeedbackViewSet	accounts:ai_assistant:aifeedback-detail
/accounts/ai-assistant/ai-feedback\.<format>/	FinAsis.apps.ai_assistant.views.AIFeedbackViewSet	accounts:ai_assistant:aifeedback-list
/accounts/ai-assistant/ai-insights/	FinAsis.apps.ai_assistant.views.AIInsightViewSet	accounts:ai_assistant:aiinsight-list
/accounts/ai-assistant/ai-insights/<pk>/	FinAsis.apps.ai_assistant.views.AIInsightViewSet	accounts:ai_assistant:aiinsight-detail
/accounts/ai-assistant/ai-insights/<pk>\.<format>/	FinAsis.apps.ai_assistant.views.AIInsightViewSet	accounts:ai_assistant:aiinsight-detail
/accounts/ai-assistant/ai-insights\.<format>/	FinAsis.apps.ai_assistant.views.AIInsightViewSet	accounts:ai_assistant:aiinsight-list
/accounts/ai-assistant/ai-models/	FinAsis.apps.ai_assistant.views.AIModelViewSet	accounts:ai_assistant:aimodel-list
/accounts/ai-assistant/ai-models/<pk>/	FinAsis.apps.ai_assistant.views.AIModelViewSet	accounts:ai_assistant:aimodel-detail
/accounts/ai-assistant/ai-models/<pk>\.<format>/	FinAsis.apps.ai_assistant.views.AIModelViewSet	accounts:ai_assistant:aimodel-detail
/accounts/ai-assistant/ai-models\.<format>/	FinAsis.apps.ai_assistant.views.AIModelViewSet	accounts:ai_assistant:aimodel-list
/accounts/ai-assistant/anomaly-detections/	FinAsis.apps.ai_assistant.views.AnomalyDetectionViewSet	accounts:ai_assistant:anomalydetection-list
/accounts/ai-assistant/anomaly-detections/<pk>/	FinAsis.apps.ai_assistant.views.AnomalyDetectionViewSet	accounts:ai_assistant:anomalydetection-detail
/accounts/ai-assistant/anomaly-detections/<pk>\.<format>/	FinAsis.apps.ai_assistant.views.AnomalyDetectionViewSet	accounts:ai_assistant:anomalydetection-detail
/accounts/ai-assistant/anomaly-detections\.<format>/	FinAsis.apps.ai_assistant.views.AnomalyDetectionViewSet	accounts:ai_assistant:anomalydetection-list
/accounts/ai-assistant/chat/	FinAsis.apps.ai_assistant.views.ChatViewSet	accounts:ai_assistant:chat-list
/accounts/ai-assistant/chat\.<format>/	FinAsis.apps.ai_assistant.views.ChatViewSet	accounts:ai_assistant:chat-list
/accounts/ai-assistant/financial-analysis/	FinAsis.apps.ai_assistant.views.FinancialAnalysisViewSet	accounts:ai_assistant:financial-analysis-list
/accounts/ai-assistant/financial-analysis\.<format>/	FinAsis.apps.ai_assistant.views.FinancialAnalysisViewSet	accounts:ai_assistant:financial-analysis-list
/accounts/ai-assistant/financial-predictions/	FinAsis.apps.ai_assistant.views.FinancialPredictionViewSet	accounts:ai_assistant:financialprediction-list
/accounts/ai-assistant/financial-predictions/<pk>/	FinAsis.apps.ai_assistant.views.FinancialPredictionViewSet	accounts:ai_assistant:financialprediction-detail
/accounts/ai-assistant/financial-predictions/<pk>\.<format>/	FinAsis.apps.ai_assistant.views.FinancialPredictionViewSet	accounts:ai_assistant:financialprediction-detail
/accounts/ai-assistant/financial-predictions\.<format>/	FinAsis.apps.ai_assistant.views.FinancialPredictionViewSet	accounts:ai_assistant:financialprediction-list
/accounts/ai-assistant/financial-reports/	FinAsis.apps.ai_assistant.views.FinancialReportViewSet	accounts:ai_assistant:financialreport-list
/accounts/ai-assistant/financial-reports/<pk>/	FinAsis.apps.ai_assistant.views.FinancialReportViewSet	accounts:ai_assistant:financialreport-detail
/accounts/ai-assistant/financial-reports/<pk>\.<format>/	FinAsis.apps.ai_assistant.views.FinancialReportViewSet	accounts:ai_assistant:financialreport-detail
/accounts/ai-assistant/financial-reports\.<format>/	FinAsis.apps.ai_assistant.views.FinancialReportViewSet	accounts:ai_assistant:financialreport-list
/accounts/ai-assistant/market-analysis/	FinAsis.apps.ai_assistant.views.MarketAnalysisViewSet	accounts:ai_assistant:marketanalysis-list
/accounts/ai-assistant/market-analysis/<pk>/	FinAsis.apps.ai_assistant.views.MarketAnalysisViewSet	accounts:ai_assistant:marketanalysis-detail
/accounts/ai-assistant/market-analysis/<pk>\.<format>/	FinAsis.apps.ai_assistant.views.MarketAnalysisViewSet	accounts:ai_assistant:marketanalysis-detail
/accounts/ai-assistant/market-analysis/latest/	FinAsis.apps.ai_assistant.views.MarketAnalysisViewSet	accounts:ai_assistant:marketanalysis-latest
/accounts/ai-assistant/market-analysis/latest\.<format>/	FinAsis.apps.ai_assistant.views.MarketAnalysisViewSet	accounts:ai_assistant:marketanalysis-latest
/accounts/ai-assistant/market-analysis\.<format>/	FinAsis.apps.ai_assistant.views.MarketAnalysisViewSet	accounts:ai_assistant:marketanalysis-list
/accounts/ai-assistant/ml/financial-forecast/	FinAsis.apps.ai_assistant.views.financial_forecast_api	accounts:ai_assistant:ml-financial-forecast
/accounts/ai-assistant/ml/recommendation/	FinAsis.apps.ai_assistant.views.recommendation_api	accounts:ai_assistant:ml-recommendation
/accounts/ai-assistant/ml/risk-score/	FinAsis.apps.ai_assistant.views.risk_score_api	accounts:ai_assistant:ml-risk-score
/accounts/ai-assistant/notifications/	FinAsis.apps.ai_assistant.views.NotificationViewSet	accounts:ai_assistant:notification-list
/accounts/ai-assistant/notifications/<pk>/	FinAsis.apps.ai_assistant.views.NotificationViewSet	accounts:ai_assistant:notification-detail
/accounts/ai-assistant/notifications/<pk>\.<format>/	FinAsis.apps.ai_assistant.views.NotificationViewSet	accounts:ai_assistant:notification-detail
/accounts/ai-assistant/notifications\.<format>/	FinAsis.apps.ai_assistant.views.NotificationViewSet	accounts:ai_assistant:notification-list
/accounts/ai-assistant/ocr/	FinAsis.apps.ai_assistant.views.OCRViewSet	accounts:ai_assistant:ocr-list
/accounts/ai-assistant/ocr\.<format>/	FinAsis.apps.ai_assistant.views.OCRViewSet	accounts:ai_assistant:ocr-list
/accounts/ai-assistant/recommendations/	FinAsis.apps.ai_assistant.views.RecommendationViewSet	accounts:ai_assistant:recommendation-list
/accounts/ai-assistant/recommendations/<pk>/	FinAsis.apps.ai_assistant.views.RecommendationViewSet	accounts:ai_assistant:recommendation-detail
/accounts/ai-assistant/recommendations/<pk>\.<format>/	FinAsis.apps.ai_assistant.views.RecommendationViewSet	accounts:ai_assistant:recommendation-detail
/accounts/ai-assistant/recommendations\.<format>/	FinAsis.apps.ai_assistant.views.RecommendationViewSet	accounts:ai_assistant:recommendation-list
/accounts/ai-assistant/trend-analysis/	FinAsis.apps.ai_assistant.views.TrendAnalysisViewSet	accounts:ai_assistant:trendanalysis-list
/accounts/ai-assistant/trend-analysis/<pk>/	FinAsis.apps.ai_assistant.views.TrendAnalysisViewSet	accounts:ai_assistant:trendanalysis-detail
/accounts/ai-assistant/trend-analysis/<pk>\.<format>/	FinAsis.apps.ai_assistant.views.TrendAnalysisViewSet	accounts:ai_assistant:trendanalysis-detail
/accounts/ai-assistant/trend-analysis\.<format>/	FinAsis.apps.ai_assistant.views.TrendAnalysisViewSet	accounts:ai_assistant:trendanalysis-list
/accounts/ai-assistant/user-interactions/	FinAsis.apps.ai_assistant.views.UserInteractionViewSet	accounts:ai_assistant:userinteraction-list
/accounts/ai-assistant/user-interactions/<pk>/	FinAsis.apps.ai_assistant.views.UserInteractionViewSet	accounts:ai_assistant:userinteraction-detail
/accounts/ai-assistant/user-interactions/<pk>\.<format>/	FinAsis.apps.ai_assistant.views.UserInteractionViewSet	accounts:ai_assistant:userinteraction-detail
/accounts/ai-assistant/user-interactions\.<format>/	FinAsis.apps.ai_assistant.views.UserInteractionViewSet	accounts:ai_assistant:userinteraction-list
/accounts/ai-assistant/user-preferences/	FinAsis.apps.ai_assistant.views.UserPreferenceViewSet	accounts:ai_assistant:userpreference-list
/accounts/ai-assistant/user-preferences/<pk>/	FinAsis.apps.ai_assistant.views.UserPreferenceViewSet	accounts:ai_assistant:userpreference-detail
/accounts/ai-assistant/user-preferences/<pk>\.<format>/	FinAsis.apps.ai_assistant.views.UserPreferenceViewSet	accounts:ai_assistant:userpreference-detail
/accounts/ai-assistant/user-preferences\.<format>/	FinAsis.apps.ai_assistant.views.UserPreferenceViewSet	accounts:ai_assistant:userpreference-list
/accounts/api/achievements/	FinAsis.apps.accounts.api.AchievementsView	accounts:api_achievements
/accounts/api/company/	FinAsis.apps.accounts.api.CompanyView	accounts:api_company
/accounts/api/docs/	drf_yasg.views.SchemaView	accounts:api_docs
/accounts/api/profile/	FinAsis.apps.accounts.api.UserProfileView	accounts:api_profile
/accounts/api/redoc/	drf_yasg.views.SchemaView	accounts:api_redoc
/accounts/api/settings/	FinAsis.apps.accounts.api.UserSettingsView	accounts:api_settings
/accounts/blockchain/	FinAsis.apps.blockchain.views.home	accounts:blockchain:home
/accounts/blockchain/api/verify/	FinAsis.apps.blockchain.views.api_verify	accounts:blockchain:api_verify
/accounts/blockchain/records/	FinAsis.apps.blockchain.views.record_list	accounts:blockchain:record_list
/accounts/blockchain/records/create/	FinAsis.apps.blockchain.views.record_create	accounts:blockchain:record_create
/accounts/company/	FinAsis.apps.accounts.views.company_detail	accounts:company_detail
/accounts/company/edit/	FinAsis.apps.accounts.views.company_edit	accounts:company_edit
/accounts/education/	FinAsis.apps.education.views.education_home	accounts:education:education_home
/accounts/education/api/	rest_framework.routers.APIRootView	accounts:education:api-root
/accounts/education/api/<drf_format_suffix:format>	rest_framework.routers.APIRootView	accounts:education:api-root
/accounts/education/api/adaptive-recommendation/	FinAsis.apps.education.views.adaptive_recommendation_api	accounts:education:adaptive_recommendation_api
/accounts/education/api/badges/	FinAsis.apps.education.views.BadgeViewSet	accounts:education:badge-list
/accounts/education/api/badges/<pk>/	FinAsis.apps.education.views.BadgeViewSet	accounts:education:badge-detail
/accounts/education/api/badges/<pk>\.<format>/	FinAsis.apps.education.views.BadgeViewSet	accounts:education:badge-detail
/accounts/education/api/badges\.<format>/	FinAsis.apps.education.views.BadgeViewSet	accounts:education:badge-list
/accounts/education/api/feedback/	FinAsis.apps.education.views.FeedbackViewSet	accounts:education:feedback-list
/accounts/education/api/feedback/<pk>/	FinAsis.apps.education.views.FeedbackViewSet	accounts:education:feedback-detail
/accounts/education/api/feedback/<pk>\.<format>/	FinAsis.apps.education.views.FeedbackViewSet	accounts:education:feedback-detail
/accounts/education/api/feedback\.<format>/	FinAsis.apps.education.views.FeedbackViewSet	accounts:education:feedback-list
/accounts/education/api/financial-term-cards/	FinAsis.apps.education.api.FinancialTermCardViewSet	accounts:education:financial-term-card-list
/accounts/education/api/financial-term-cards/<pk>/	FinAsis.apps.education.api.FinancialTermCardViewSet	accounts:education:financial-term-card-detail
/accounts/education/api/financial-term-cards/<pk>\.<format>/	FinAsis.apps.education.api.FinancialTermCardViewSet	accounts:education:financial-term-card-detail
/accounts/education/api/financial-term-cards\.<format>/	FinAsis.apps.education.api.FinancialTermCardViewSet	accounts:education:financial-term-card-list
/accounts/education/api/forum-post/	FinAsis.apps.education.views.ForumPostViewSet	accounts:education:forum-post-list
/accounts/education/api/forum-post/<pk>/	FinAsis.apps.education.views.ForumPostViewSet	accounts:education:forum-post-detail
/accounts/education/api/forum-post/<pk>\.<format>/	FinAsis.apps.education.views.ForumPostViewSet	accounts:education:forum-post-detail
/accounts/education/api/forum-post\.<format>/	FinAsis.apps.education.views.ForumPostViewSet	accounts:education:forum-post-list
/accounts/education/api/forum-topic/	FinAsis.apps.education.views.ForumTopicViewSet	accounts:education:forum-topic-list
/accounts/education/api/forum-topic/<pk>/	FinAsis.apps.education.views.ForumTopicViewSet	accounts:education:forum-topic-detail
/accounts/education/api/forum-topic/<pk>\.<format>/	FinAsis.apps.education.views.ForumTopicViewSet	accounts:education:forum-topic-detail
/accounts/education/api/forum-topic\.<format>/	FinAsis.apps.education.views.ForumTopicViewSet	accounts:education:forum-topic-list
/accounts/education/api/forum/	FinAsis.apps.education.views.ForumViewSet	accounts:education:forum-list
/accounts/education/api/forum/<pk>/	FinAsis.apps.education.views.ForumViewSet	accounts:education:forum-detail
/accounts/education/api/forum/<pk>\.<format>/	FinAsis.apps.education.views.ForumViewSet	accounts:education:forum-detail
/accounts/education/api/forum\.<format>/	FinAsis.apps.education.views.ForumViewSet	accounts:education:forum-list
/accounts/education/api/gamification-progress/	FinAsis.apps.education.views.StudentGamificationProgressViewSet	accounts:education:gamification-progress-list
/accounts/education/api/gamification-progress/<pk>/	FinAsis.apps.education.views.StudentGamificationProgressViewSet	accounts:education:gamification-progress-detail
/accounts/education/api/gamification-progress/<pk>\.<format>/	FinAsis.apps.education.views.StudentGamificationProgressViewSet	accounts:education:gamification-progress-detail
/accounts/education/api/gamification-progress\.<format>/	FinAsis.apps.education.views.StudentGamificationProgressViewSet	accounts:education:gamification-progress-list
/accounts/education/api/group-assignment/	FinAsis.apps.education.views.GroupAssignmentViewSet	accounts:education:group-assignment-list
/accounts/education/api/group-assignment/<pk>/	FinAsis.apps.education.views.GroupAssignmentViewSet	accounts:education:group-assignment-detail
/accounts/education/api/group-assignment/<pk>\.<format>/	FinAsis.apps.education.views.GroupAssignmentViewSet	accounts:education:group-assignment-detail
/accounts/education/api/group-assignment\.<format>/	FinAsis.apps.education.views.GroupAssignmentViewSet	accounts:education:group-assignment-list
/accounts/education/api/learning-content/	FinAsis.apps.education.views.LearningContentViewSet	accounts:education:learning-content-list
/accounts/education/api/learning-content/<pk>/	FinAsis.apps.education.views.LearningContentViewSet	accounts:education:learning-content-detail
/accounts/education/api/learning-content/<pk>\.<format>/	FinAsis.apps.education.views.LearningContentViewSet	accounts:education:learning-content-detail
/accounts/education/api/learning-content\.<format>/	FinAsis.apps.education.views.LearningContentViewSet	accounts:education:learning-content-list
/accounts/education/api/levels/	FinAsis.apps.education.views.LevelViewSet	accounts:education:level-list
/accounts/education/api/levels/<pk>/	FinAsis.apps.education.views.LevelViewSet	accounts:education:level-detail
/accounts/education/api/levels/<pk>\.<format>/	FinAsis.apps.education.views.LevelViewSet	accounts:education:level-detail
/accounts/education/api/levels\.<format>/	FinAsis.apps.education.views.LevelViewSet	accounts:education:level-list
/accounts/education/api/student-analytics/	FinAsis.apps.education.views.StudentAnalyticsViewSet	accounts:education:student-analytics-list
/accounts/education/api/student-analytics/<pk>/	FinAsis.apps.education.views.StudentAnalyticsViewSet	accounts:education:student-analytics-detail
/accounts/education/api/student-analytics/<pk>\.<format>/	FinAsis.apps.education.views.StudentAnalyticsViewSet	accounts:education:student-analytics-detail
/accounts/education/api/student-analytics\.<format>/	FinAsis.apps.education.views.StudentAnalyticsViewSet	accounts:education:student-analytics-list
/accounts/education/financial-term-cards/	FinAsis.apps.education.views.FinancialTermCardListView	accounts:education:financialtermcard_list
/accounts/education/financial-term-cards/<int:pk>/	FinAsis.apps.education.views.FinancialTermCardDetailView	accounts:education:financialtermcard_detail
/accounts/education/financial-term-cards/<int:pk>/delete/	FinAsis.apps.education.views.FinancialTermCardDeleteView	accounts:education:financialtermcard_delete
/accounts/education/financial-term-cards/<int:pk>/edit/	FinAsis.apps.education.views.FinancialTermCardUpdateView	accounts:education:financialtermcard_edit
/accounts/education/financial-term-cards/add/	FinAsis.apps.education.views.FinancialTermCardCreateView	accounts:education:financialtermcard_add
/accounts/education/kobi-tutorials/	FinAsis.apps.education.views.kobi_tutorials	accounts:education:kobi_tutorials
/accounts/egitimci/modul/	FinAsis.apps.accounts.utils._wrapped_view	accounts:modul_egitimci
/accounts/finance/	FinAsis.apps.finance.home.finance_home	accounts:finance_home
/accounts/finance/bank-accounts/	FinAsis.apps.finance.views.banking.BankAccountListView	accounts:bank_account_list
/accounts/finance/bank-accounts/<int:pk>/	FinAsis.apps.finance.views.banking.BankAccountDetailView	accounts:bank_account_detail
/accounts/finance/bank-accounts/<int:pk>/delete/	FinAsis.apps.finance.views.banking.BankAccountDeleteView	accounts:bank_account_delete
/accounts/finance/bank-accounts/<int:pk>/edit/	FinAsis.apps.finance.views.banking.BankAccountUpdateView	accounts:bank_account_update
/accounts/finance/bank-accounts/create/	FinAsis.apps.finance.views.banking.BankAccountCreateView	accounts:bank_account_create
/accounts/finance/bank-import/	FinAsis.apps.finance.views.banking.bank_import	accounts:bank_import
/accounts/finance/bank-summary/	FinAsis.apps.finance.views.banking.bank_summary	accounts:bank_summary
/accounts/finance/einvoices/	FinAsis.apps.finance.views.einvoice.EInvoiceListView	accounts:einvoice_list
/accounts/finance/einvoices/<int:invoice_id>/items/add/	FinAsis.apps.finance.views.einvoice.add_invoice_item	accounts:einvoice_add_item
/accounts/finance/einvoices/<int:invoice_id>/status/update/	FinAsis.apps.finance.views.einvoice.update_invoice_status	accounts:einvoice_update_status
/accounts/finance/einvoices/<int:pk>/	FinAsis.apps.finance.views.einvoice.EInvoiceDetailView	accounts:einvoice_detail
/accounts/finance/einvoices/<int:pk>/delete/	FinAsis.apps.finance.views.einvoice.EInvoiceDeleteView	accounts:einvoice_delete
/accounts/finance/einvoices/<int:pk>/download/	FinAsis.apps.finance.views.einvoice.download_einvoice	accounts:einvoice_download
/accounts/finance/einvoices/<int:pk>/edit/	FinAsis.apps.finance.views.einvoice.EInvoiceUpdateView	accounts:einvoice_edit
/accounts/finance/einvoices/<int:pk>/send/	FinAsis.apps.finance.views.einvoice.send_einvoice	accounts:einvoice_send
/accounts/finance/einvoices/create/	FinAsis.apps.finance.views.einvoice.EInvoiceCreateView	accounts:einvoice_create
/accounts/finance/invoices/	FinAsis.apps.finance.main_views.InvoiceListView	accounts:invoice_list
/accounts/finance/invoices/<int:pk>/	FinAsis.apps.finance.main_views.InvoiceDetailView	accounts:invoice_detail
/accounts/finance/invoices/<int:pk>/delete/	FinAsis.apps.finance.main_views.InvoiceDeleteView	accounts:invoice_delete
/accounts/finance/invoices/<int:pk>/edit/	FinAsis.apps.finance.main_views.InvoiceUpdateView	accounts:invoice_update
/accounts/finance/invoices/create/	FinAsis.apps.finance.main_views.InvoiceCreateView	accounts:invoice_create
/accounts/finance/transactions/	FinAsis.apps.finance.views.banking.TransactionListView	accounts:transactions
/accounts/finance/transactions/<int:pk>/	FinAsis.apps.finance.views.banking.TransactionDetailView	accounts:transaction_detail
/accounts/finance/transactions/<int:pk>/delete/	FinAsis.apps.finance.views.banking.TransactionDeleteView	accounts:transaction_delete
/accounts/finance/transactions/<int:pk>/edit/	FinAsis.apps.finance.views.banking.TransactionUpdateView	accounts:transaction_edit
/accounts/finance/transactions/create/	FinAsis.apps.finance.views.banking.TransactionCreateView	accounts:transaction_create
/accounts/finance/voucher/	FinAsis.apps.finance.views.accounting.VoucherListView	accounts:voucher_list
/accounts/finance/voucher/create/	FinAsis.apps.finance.views.accounting.VoucherCreateView	accounts:voucher_create
/accounts/invoices/	FinAsis.apps.accounts.utils._wrapped_view	accounts:user_invoices
/accounts/kobi/modul/	FinAsis.apps.accounts.utils._wrapped_view	accounts:modul_kobi
/accounts/login/	django.contrib.auth.views.LoginView	accounts:login
/accounts/login/	django.contrib.auth.views.LoginView	login
/accounts/logout/	django.contrib.auth.views.LogoutView	accounts:logout
/accounts/logout/	django.contrib.auth.views.LogoutView	logout
/accounts/ogrenci/modul/	FinAsis.apps.accounts.utils._wrapped_view	accounts:modul_ogrenci
/accounts/oyuncu/modul/	FinAsis.apps.accounts.utils._wrapped_view	accounts:modul_oyuncu
/accounts/password_change/	django.contrib.auth.views.PasswordChangeView	accounts:password_change
/accounts/password_change/	django.contrib.auth.views.PasswordChangeView	password_change
/accounts/password_change/done/	django.contrib.auth.views.PasswordChangeDoneView	accounts:password_change_done
/accounts/password_change/done/	django.contrib.auth.views.PasswordChangeDoneView	password_change_done
/accounts/password_reset/	django.contrib.auth.views.PasswordResetView	accounts:password_reset
/accounts/password_reset/	django.contrib.auth.views.PasswordResetView	password_reset
/accounts/password_reset/done/	django.contrib.auth.views.PasswordResetDoneView	accounts:password_reset_done
/accounts/password_reset/done/	django.contrib.auth.views.PasswordResetDoneView	password_reset_done
/accounts/premium/ozellik/	FinAsis.apps.accounts.utils._wrapped_view	accounts:premium_feature
/accounts/profile/	FinAsis.apps.accounts.views.user_profile	accounts:user_profile
/accounts/register/	FinAsis.apps.accounts.views.register	accounts:register
/accounts/reset/<uidb64>/<token>/	django.contrib.auth.views.PasswordResetConfirmView	accounts:password_reset_confirm
/accounts/reset/<uidb64>/<token>/	django.contrib.auth.views.PasswordResetConfirmView	password_reset_confirm
/accounts/reset/done/	django.contrib.auth.views.PasswordResetCompleteView	accounts:password_reset_complete
/accounts/reset/done/	django.contrib.auth.views.PasswordResetCompleteView	password_reset_complete
/accounts/settings/	FinAsis.apps.accounts.views.user_settings	accounts:user_settings
/admin/	FinAsis.apps.accounting.admin.index	admin:index
/admin/<app_label>/	django.contrib.admin.sites.app_index	admin:app_list
/admin/<url>	django.contrib.admin.sites.catch_all_view
/admin/accounting/bankaccount/	django.contrib.admin.options.changelist_view	admin:accounting_bankaccount_changelist
/admin/accounting/bankaccount/<path:object_id>/	django.views.generic.base.RedirectView
/admin/accounting/bankaccount/<path:object_id>/change/	django.contrib.admin.options.change_view	admin:accounting_bankaccount_change
/admin/accounting/bankaccount/<path:object_id>/delete/	django.contrib.admin.options.delete_view	admin:accounting_bankaccount_delete
/admin/accounting/bankaccount/<path:object_id>/history/	django.contrib.admin.options.history_view	admin:accounting_bankaccount_history
/admin/accounting/bankaccount/add/	django.contrib.admin.options.add_view	admin:accounting_bankaccount_add
/admin/accounting/bankstatement/	django.contrib.admin.options.changelist_view	admin:accounting_bankstatement_changelist
/admin/accounting/bankstatement/<path:object_id>/	django.views.generic.base.RedirectView
/admin/accounting/bankstatement/<path:object_id>/change/	django.contrib.admin.options.change_view	admin:accounting_bankstatement_change
/admin/accounting/bankstatement/<path:object_id>/delete/	django.contrib.admin.options.delete_view	admin:accounting_bankstatement_delete
/admin/accounting/bankstatement/<path:object_id>/history/	django.contrib.admin.options.history_view	admin:accounting_bankstatement_history
/admin/accounting/bankstatement/add/	django.contrib.admin.options.add_view	admin:accounting_bankstatement_add
/admin/accounting/bankstatementline/	django.contrib.admin.options.changelist_view	admin:accounting_bankstatementline_changelist
/admin/accounting/bankstatementline/<path:object_id>/	django.views.generic.base.RedirectView
/admin/accounting/bankstatementline/<path:object_id>/change/	django.contrib.admin.options.change_view	admin:accounting_bankstatementline_change
/admin/accounting/bankstatementline/<path:object_id>/delete/	django.contrib.admin.options.delete_view	admin:accounting_bankstatementline_delete
/admin/accounting/bankstatementline/<path:object_id>/history/	django.contrib.admin.options.history_view	admin:accounting_bankstatementline_history
/admin/accounting/bankstatementline/add/	django.contrib.admin.options.add_view	admin:accounting_bankstatementline_add
/admin/accounting/banktransaction/	django.contrib.admin.options.changelist_view	admin:accounting_banktransaction_changelist
/admin/accounting/banktransaction/<path:object_id>/	django.views.generic.base.RedirectView
/admin/accounting/banktransaction/<path:object_id>/change/	django.contrib.admin.options.change_view	admin:accounting_banktransaction_change
/admin/accounting/banktransaction/<path:object_id>/delete/	django.contrib.admin.options.delete_view	admin:accounting_banktransaction_delete
/admin/accounting/banktransaction/<path:object_id>/history/	django.contrib.admin.options.history_view	admin:accounting_banktransaction_history
/admin/accounting/banktransaction/add/	django.contrib.admin.options.add_view	admin:accounting_banktransaction_add
/admin/accounting/company/	django.contrib.admin.options.changelist_view	admin:accounting_company_changelist
/admin/accounting/company/<path:object_id>/	django.views.generic.base.RedirectView
/admin/accounting/company/<path:object_id>/change/	django.contrib.admin.options.change_view	admin:accounting_company_change
/admin/accounting/company/<path:object_id>/delete/	django.contrib.admin.options.delete_view	admin:accounting_company_delete
/admin/accounting/company/<path:object_id>/history/	django.contrib.admin.options.history_view	admin:accounting_company_history
/admin/accounting/company/add/	django.contrib.admin.options.add_view	admin:accounting_company_add
/admin/accounting/companydeletelog/	django.contrib.admin.options.changelist_view	admin:accounting_companydeletelog_changelist
/admin/accounting/companydeletelog/<path:object_id>/	django.views.generic.base.RedirectView
/admin/accounting/companydeletelog/<path:object_id>/change/	django.contrib.admin.options.change_view	admin:accounting_companydeletelog_change
/admin/accounting/companydeletelog/<path:object_id>/delete/	django.contrib.admin.options.delete_view	admin:accounting_companydeletelog_delete
/admin/accounting/companydeletelog/<path:object_id>/history/	django.contrib.admin.options.history_view	admin:accounting_companydeletelog_history
/admin/accounting/companydeletelog/add/	django.contrib.admin.options.add_view	admin:accounting_companydeletelog_add
/admin/accounting/customer/	django.contrib.admin.options.changelist_view	admin:accounting_customer_changelist
/admin/accounting/customer/<path:object_id>/	django.views.generic.base.RedirectView
/admin/accounting/customer/<path:object_id>/change/	django.contrib.admin.options.change_view	admin:accounting_customer_change
/admin/accounting/customer/<path:object_id>/delete/	django.contrib.admin.options.delete_view	admin:accounting_customer_delete
/admin/accounting/customer/<path:object_id>/history/	django.contrib.admin.options.history_view	admin:accounting_customer_history
/admin/accounting/customer/add/	django.contrib.admin.options.add_view	admin:accounting_customer_add
/admin/accounting/edefter/	django.contrib.admin.options.changelist_view	admin:accounting_edefter_changelist
/admin/accounting/edefter/<path:object_id>/	django.views.generic.base.RedirectView
/admin/accounting/edefter/<path:object_id>/change/	django.contrib.admin.options.change_view	admin:accounting_edefter_change
/admin/accounting/edefter/<path:object_id>/delete/	django.contrib.admin.options.delete_view	admin:accounting_edefter_delete
/admin/accounting/edefter/<path:object_id>/history/	django.contrib.admin.options.history_view	admin:accounting_edefter_history
/admin/accounting/edefter/add/	django.contrib.admin.options.add_view	admin:accounting_edefter_add
/admin/accounting/expense/	django.contrib.admin.options.changelist_view	admin:accounting_expense_changelist
/admin/accounting/expense/<path:object_id>/	django.views.generic.base.RedirectView
/admin/accounting/expense/<path:object_id>/change/	django.contrib.admin.options.change_view	admin:accounting_expense_change
/admin/accounting/expense/<path:object_id>/delete/	django.contrib.admin.options.delete_view	admin:accounting_expense_delete
/admin/accounting/expense/<path:object_id>/history/	django.contrib.admin.options.history_view	admin:accounting_expense_history
/admin/accounting/expense/add/	django.contrib.admin.options.add_view	admin:accounting_expense_add
/admin/accounting/invoice/	django.contrib.admin.options.changelist_view	admin:accounting_invoice_changelist
/admin/accounting/invoice/<path:object_id>/	django.views.generic.base.RedirectView
/admin/accounting/invoice/<path:object_id>/change/	django.contrib.admin.options.change_view	admin:accounting_invoice_change
/admin/accounting/invoice/<path:object_id>/delete/	django.contrib.admin.options.delete_view	admin:accounting_invoice_delete
/admin/accounting/invoice/<path:object_id>/history/	django.contrib.admin.options.history_view	admin:accounting_invoice_history
/admin/accounting/invoice/add/	django.contrib.admin.options.add_view	admin:accounting_invoice_add
/admin/accounting/payment/	django.contrib.admin.options.changelist_view	admin:accounting_payment_changelist
/admin/accounting/payment/<path:object_id>/	django.views.generic.base.RedirectView
/admin/accounting/payment/<path:object_id>/change/	django.contrib.admin.options.change_view	admin:accounting_payment_change
/admin/accounting/payment/<path:object_id>/delete/	django.contrib.admin.options.delete_view	admin:accounting_payment_delete
/admin/accounting/payment/<path:object_id>/history/	django.contrib.admin.options.history_view	admin:accounting_payment_history
/admin/accounting/payment/add/	django.contrib.admin.options.add_view	admin:accounting_payment_add
/admin/accounting/product/	django.contrib.admin.options.changelist_view	admin:accounting_product_changelist
/admin/accounting/product/<path:object_id>/	django.views.generic.base.RedirectView
/admin/accounting/product/<path:object_id>/change/	django.contrib.admin.options.change_view	admin:accounting_product_change
/admin/accounting/product/<path:object_id>/delete/	django.contrib.admin.options.delete_view	admin:accounting_product_delete
/admin/accounting/product/<path:object_id>/history/	django.contrib.admin.options.history_view	admin:accounting_product_history
/admin/accounting/product/add/	django.contrib.admin.options.add_view	admin:accounting_product_add
/admin/accounting/purchaseinvoice/	django.contrib.admin.options.changelist_view	admin:accounting_purchaseinvoice_changelist
/admin/accounting/purchaseinvoice/<path:object_id>/	django.views.generic.base.RedirectView
/admin/accounting/purchaseinvoice/<path:object_id>/change/	django.contrib.admin.options.change_view	admin:accounting_purchaseinvoice_change
/admin/accounting/purchaseinvoice/<path:object_id>/delete/	django.contrib.admin.options.delete_view	admin:accounting_purchaseinvoice_delete
/admin/accounting/purchaseinvoice/<path:object_id>/history/	django.contrib.admin.options.history_view	admin:accounting_purchaseinvoice_history
/admin/accounting/purchaseinvoice/add/	django.contrib.admin.options.add_view	admin:accounting_purchaseinvoice_add
/admin/accounting/sale/	django.contrib.admin.options.changelist_view	admin:accounting_sale_changelist
/admin/accounting/sale/<path:object_id>/	django.views.generic.base.RedirectView
/admin/accounting/sale/<path:object_id>/change/	django.contrib.admin.options.change_view	admin:accounting_sale_change
/admin/accounting/sale/<path:object_id>/delete/	django.contrib.admin.options.delete_view	admin:accounting_sale_delete
/admin/accounting/sale/<path:object_id>/history/	django.contrib.admin.options.history_view	admin:accounting_sale_history
/admin/accounting/sale/add/	django.contrib.admin.options.add_view	admin:accounting_sale_add
/admin/accounting/vendor/	django.contrib.admin.options.changelist_view	admin:accounting_vendor_changelist
/admin/accounting/vendor/<path:object_id>/	django.views.generic.base.RedirectView
/admin/accounting/vendor/<path:object_id>/change/	django.contrib.admin.options.change_view	admin:accounting_vendor_change
/admin/accounting/vendor/<path:object_id>/delete/	django.contrib.admin.options.delete_view	admin:accounting_vendor_delete
/admin/accounting/vendor/<path:object_id>/history/	django.contrib.admin.options.history_view	admin:accounting_vendor_history
/admin/accounting/vendor/add/	django.contrib.admin.options.add_view	admin:accounting_vendor_add
/admin/accounting/vendorpayment/	django.contrib.admin.options.changelist_view	admin:accounting_vendorpayment_changelist
/admin/accounting/vendorpayment/<path:object_id>/	django.views.generic.base.RedirectView
/admin/accounting/vendorpayment/<path:object_id>/change/	django.contrib.admin.options.change_view	admin:accounting_vendorpayment_change
/admin/accounting/vendorpayment/<path:object_id>/delete/	django.contrib.admin.options.delete_view	admin:accounting_vendorpayment_delete
/admin/accounting/vendorpayment/<path:object_id>/history/	django.contrib.admin.options.history_view	admin:accounting_vendorpayment_history
/admin/accounting/vendorpayment/add/	django.contrib.admin.options.add_view	admin:accounting_vendorpayment_add
/admin/accounts/achievement/	django.contrib.admin.options.changelist_view	admin:accounts_achievement_changelist
/admin/accounts/achievement/<path:object_id>/	django.views.generic.base.RedirectView
/admin/accounts/achievement/<path:object_id>/change/	django.contrib.admin.options.change_view	admin:accounts_achievement_change
/admin/accounts/achievement/<path:object_id>/delete/	django.contrib.admin.options.delete_view	admin:accounts_achievement_delete
/admin/accounts/achievement/<path:object_id>/history/	django.contrib.admin.options.history_view	admin:accounts_achievement_history
/admin/accounts/achievement/add/	django.contrib.admin.options.add_view	admin:accounts_achievement_add
/admin/accounts/customuser/	django.contrib.admin.options.changelist_view	admin:accounts_customuser_changelist
/admin/accounts/customuser/<id>/password/	django.contrib.auth.admin.user_change_password	admin:auth_user_password_change
/admin/accounts/customuser/<path:object_id>/	django.views.generic.base.RedirectView
/admin/accounts/customuser/<path:object_id>/change/	django.contrib.admin.options.change_view	admin:accounts_customuser_change
/admin/accounts/customuser/<path:object_id>/delete/	django.contrib.admin.options.delete_view	admin:accounts_customuser_delete
/admin/accounts/customuser/<path:object_id>/history/	django.contrib.admin.options.history_view	admin:accounts_customuser_history
/admin/accounts/customuser/add/	django.contrib.auth.admin.add_view	admin:accounts_customuser_add
/admin/accounts/subscriptionlog/	django.contrib.admin.options.changelist_view	admin:accounts_subscriptionlog_changelist
/admin/accounts/subscriptionlog/<path:object_id>/	django.views.generic.base.RedirectView
/admin/accounts/subscriptionlog/<path:object_id>/change/	django.contrib.admin.options.change_view	admin:accounts_subscriptionlog_change
/admin/accounts/subscriptionlog/<path:object_id>/delete/	django.contrib.admin.options.delete_view	admin:accounts_subscriptionlog_delete
/admin/accounts/subscriptionlog/<path:object_id>/history/	django.contrib.admin.options.history_view	admin:accounts_subscriptionlog_history
/admin/accounts/subscriptionlog/add/	django.contrib.admin.options.add_view	admin:accounts_subscriptionlog_add
/admin/accounts/subscriptiontype/	django.contrib.admin.options.changelist_view	admin:accounts_subscriptiontype_changelist
/admin/accounts/subscriptiontype/<path:object_id>/	django.views.generic.base.RedirectView
/admin/accounts/subscriptiontype/<path:object_id>/change/	django.contrib.admin.options.change_view	admin:accounts_subscriptiontype_change
/admin/accounts/subscriptiontype/<path:object_id>/delete/	django.contrib.admin.options.delete_view	admin:accounts_subscriptiontype_delete
/admin/accounts/subscriptiontype/<path:object_id>/history/	django.contrib.admin.options.history_view	admin:accounts_subscriptiontype_history
/admin/accounts/subscriptiontype/add/	django.contrib.admin.options.add_view	admin:accounts_subscriptiontype_add
/admin/accounts/usersettings/	django.contrib.admin.options.changelist_view	admin:accounts_usersettings_changelist
/admin/accounts/usersettings/<path:object_id>/	django.views.generic.base.RedirectView
/admin/accounts/usersettings/<path:object_id>/change/	django.contrib.admin.options.change_view	admin:accounts_usersettings_change
/admin/accounts/usersettings/<path:object_id>/delete/	django.contrib.admin.options.delete_view	admin:accounts_usersettings_delete
/admin/accounts/usersettings/<path:object_id>/history/	django.contrib.admin.options.history_view	admin:accounts_usersettings_history
/admin/accounts/usersettings/add/	django.contrib.admin.options.add_view	admin:accounts_usersettings_add
/admin/accounts/usertype/	django.contrib.admin.options.changelist_view	admin:accounts_usertype_changelist
/admin/accounts/usertype/<path:object_id>/	django.views.generic.base.RedirectView
/admin/accounts/usertype/<path:object_id>/change/	django.contrib.admin.options.change_view	admin:accounts_usertype_change
/admin/accounts/usertype/<path:object_id>/delete/	django.contrib.admin.options.delete_view	admin:accounts_usertype_delete
/admin/accounts/usertype/<path:object_id>/history/	django.contrib.admin.options.history_view	admin:accounts_usertype_history
/admin/accounts/usertype/add/	django.contrib.admin.options.add_view	admin:accounts_usertype_add
/admin/ai_assistant/aifeedback/	django.contrib.admin.options.changelist_view	admin:ai_assistant_aifeedback_changelist
/admin/ai_assistant/aifeedback/<path:object_id>/	django.views.generic.base.RedirectView
/admin/ai_assistant/aifeedback/<path:object_id>/change/	django.contrib.admin.options.change_view	admin:ai_assistant_aifeedback_change
/admin/ai_assistant/aifeedback/<path:object_id>/delete/	django.contrib.admin.options.delete_view	admin:ai_assistant_aifeedback_delete
/admin/ai_assistant/aifeedback/<path:object_id>/history/	django.contrib.admin.options.history_view	admin:ai_assistant_aifeedback_history
/admin/ai_assistant/aifeedback/add/	django.contrib.admin.options.add_view	admin:ai_assistant_aifeedback_add
/admin/ai_assistant/aimodel/	django.contrib.admin.options.changelist_view	admin:ai_assistant_aimodel_changelist
/admin/ai_assistant/aimodel/<path:object_id>/	django.views.generic.base.RedirectView
/admin/ai_assistant/aimodel/<path:object_id>/change/	django.contrib.admin.options.change_view	admin:ai_assistant_aimodel_change
/admin/ai_assistant/aimodel/<path:object_id>/delete/	django.contrib.admin.options.delete_view	admin:ai_assistant_aimodel_delete
/admin/ai_assistant/aimodel/<path:object_id>/history/	django.contrib.admin.options.history_view	admin:ai_assistant_aimodel_history
/admin/ai_assistant/aimodel/add/	django.contrib.admin.options.add_view	admin:ai_assistant_aimodel_add
/admin/ai_assistant/anomalydetection/	django.contrib.admin.options.changelist_view	admin:ai_assistant_anomalydetection_changelist
/admin/ai_assistant/anomalydetection/<path:object_id>/	django.views.generic.base.RedirectView
/admin/ai_assistant/anomalydetection/<path:object_id>/change/	django.contrib.admin.options.change_view	admin:ai_assistant_anomalydetection_change
/admin/ai_assistant/anomalydetection/<path:object_id>/delete/	django.contrib.admin.options.delete_view	admin:ai_assistant_anomalydetection_delete
/admin/ai_assistant/anomalydetection/<path:object_id>/history/	django.contrib.admin.options.history_view	admin:ai_assistant_anomalydetection_history
/admin/ai_assistant/anomalydetection/add/	django.contrib.admin.options.add_view	admin:ai_assistant_anomalydetection_add
/admin/ai_assistant/financialprediction/	django.contrib.admin.options.changelist_view	admin:ai_assistant_financialprediction_changelist
/admin/ai_assistant/financialprediction/<path:object_id>/	django.views.generic.base.RedirectView
/admin/ai_assistant/financialprediction/<path:object_id>/change/	django.contrib.admin.options.change_view	admin:ai_assistant_financialprediction_change
/admin/ai_assistant/financialprediction/<path:object_id>/delete/	django.contrib.admin.options.delete_view	admin:ai_assistant_financialprediction_delete
/admin/ai_assistant/financialprediction/<path:object_id>/history/	django.contrib.admin.options.history_view	admin:ai_assistant_financialprediction_history
/admin/ai_assistant/financialprediction/add/	django.contrib.admin.options.add_view	admin:ai_assistant_financialprediction_add
/admin/ai_assistant/financialreport/	django.contrib.admin.options.changelist_view	admin:ai_assistant_financialreport_changelist
/admin/ai_assistant/financialreport/<path:object_id>/	django.views.generic.base.RedirectView
/admin/ai_assistant/financialreport/<path:object_id>/change/	django.contrib.admin.options.change_view	admin:ai_assistant_financialreport_change
/admin/ai_assistant/financialreport/<path:object_id>/delete/	django.contrib.admin.options.delete_view	admin:ai_assistant_financialreport_delete
/admin/ai_assistant/financialreport/<path:object_id>/history/	django.contrib.admin.options.history_view	admin:ai_assistant_financialreport_history
/admin/ai_assistant/financialreport/add/	django.contrib.admin.options.add_view	admin:ai_assistant_financialreport_add
/admin/ai_assistant/sectorbenchmark/	django.contrib.admin.options.changelist_view	admin:ai_assistant_sectorbenchmark_changelist
/admin/ai_assistant/sectorbenchmark/<path:object_id>/	django.views.generic.base.RedirectView
/admin/ai_assistant/sectorbenchmark/<path:object_id>/change/	django.contrib.admin.options.change_view	admin:ai_assistant_sectorbenchmark_change
/admin/ai_assistant/sectorbenchmark/<path:object_id>/delete/	django.contrib.admin.options.delete_view	admin:ai_assistant_sectorbenchmark_delete
/admin/ai_assistant/sectorbenchmark/<path:object_id>/history/	django.contrib.admin.options.history_view	admin:ai_assistant_sectorbenchmark_history
/admin/ai_assistant/sectorbenchmark/add/	django.contrib.admin.options.add_view	admin:ai_assistant_sectorbenchmark_add
/admin/ai_assistant/trendanalysis/	django.contrib.admin.options.changelist_view	admin:ai_assistant_trendanalysis_changelist
/admin/ai_assistant/trendanalysis/<path:object_id>/	django.views.generic.base.RedirectView
/admin/ai_assistant/trendanalysis/<path:object_id>/change/	django.contrib.admin.options.change_view	admin:ai_assistant_trendanalysis_change
/admin/ai_assistant/trendanalysis/<path:object_id>/delete/	django.contrib.admin.options.delete_view	admin:ai_assistant_trendanalysis_delete
/admin/ai_assistant/trendanalysis/<path:object_id>/history/	django.contrib.admin.options.history_view	admin:ai_assistant_trendanalysis_history
/admin/ai_assistant/trendanalysis/add/	django.contrib.admin.options.add_view	admin:ai_assistant_trendanalysis_add
/admin/ai_assistant/userinteraction/	django.contrib.admin.options.changelist_view	admin:ai_assistant_userinteraction_changelist
/admin/ai_assistant/userinteraction/<path:object_id>/	django.views.generic.base.RedirectView
/admin/ai_assistant/userinteraction/<path:object_id>/change/	django.contrib.admin.options.change_view	admin:ai_assistant_userinteraction_change
/admin/ai_assistant/userinteraction/<path:object_id>/delete/	django.contrib.admin.options.delete_view	admin:ai_assistant_userinteraction_delete
/admin/ai_assistant/userinteraction/<path:object_id>/history/	django.contrib.admin.options.history_view	admin:ai_assistant_userinteraction_history
/admin/ai_assistant/userinteraction/add/	django.contrib.admin.options.add_view	admin:ai_assistant_userinteraction_add
/admin/auth/group/	django.contrib.admin.options.changelist_view	admin:auth_group_changelist
/admin/auth/group/<path:object_id>/	django.views.generic.base.RedirectView
/admin/auth/group/<path:object_id>/change/	django.contrib.admin.options.change_view	admin:auth_group_change
/admin/auth/group/<path:object_id>/delete/	django.contrib.admin.options.delete_view	admin:auth_group_delete
/admin/auth/group/<path:object_id>/history/	django.contrib.admin.options.history_view	admin:auth_group_history
/admin/auth/group/add/	django.contrib.admin.options.add_view	admin:auth_group_add
/admin/auth/user/	django.contrib.admin.options.changelist_view	admin:auth_user_changelist
/admin/auth/user/<id>/password/	django.contrib.auth.admin.user_change_password	admin:auth_user_password_change
/admin/auth/user/<path:object_id>/	django.views.generic.base.RedirectView
/admin/auth/user/<path:object_id>/change/	django.contrib.admin.options.change_view	admin:auth_user_change
/admin/auth/user/<path:object_id>/delete/	django.contrib.admin.options.delete_view	admin:auth_user_delete
/admin/auth/user/<path:object_id>/history/	django.contrib.admin.options.history_view	admin:auth_user_history
/admin/auth/user/add/	django.contrib.auth.admin.add_view	admin:auth_user_add
/admin/autocomplete/	django.contrib.admin.sites.autocomplete_view	admin:autocomplete
/admin/blockchain/chainrecord/	django.contrib.admin.options.changelist_view	admin:blockchain_chainrecord_changelist
/admin/blockchain/chainrecord/<path:object_id>/	django.views.generic.base.RedirectView
/admin/blockchain/chainrecord/<path:object_id>/change/	django.contrib.admin.options.change_view	admin:blockchain_chainrecord_change
/admin/blockchain/chainrecord/<path:object_id>/delete/	django.contrib.admin.options.delete_view	admin:blockchain_chainrecord_delete
/admin/blockchain/chainrecord/<path:object_id>/history/	django.contrib.admin.options.history_view	admin:blockchain_chainrecord_history
/admin/blockchain/chainrecord/add/	django.contrib.admin.options.add_view	admin:blockchain_chainrecord_add
/admin/education/badge/	django.contrib.admin.options.changelist_view	admin:education_badge_changelist
/admin/education/badge/<path:object_id>/	django.views.generic.base.RedirectView
/admin/education/badge/<path:object_id>/change/	django.contrib.admin.options.change_view	admin:education_badge_change
/admin/education/badge/<path:object_id>/delete/	django.contrib.admin.options.delete_view	admin:education_badge_delete
/admin/education/badge/<path:object_id>/history/	django.contrib.admin.options.history_view	admin:education_badge_history
/admin/education/badge/add/	django.contrib.admin.options.add_view	admin:education_badge_add
/admin/education/feedback/	django.contrib.admin.options.changelist_view	admin:education_feedback_changelist
/admin/education/feedback/<path:object_id>/	django.views.generic.base.RedirectView
/admin/education/feedback/<path:object_id>/change/	django.contrib.admin.options.change_view	admin:education_feedback_change
/admin/education/feedback/<path:object_id>/delete/	django.contrib.admin.options.delete_view	admin:education_feedback_delete
/admin/education/feedback/<path:object_id>/history/	django.contrib.admin.options.history_view	admin:education_feedback_history
/admin/education/feedback/add/	django.contrib.admin.options.add_view	admin:education_feedback_add
/admin/education/financialtermcard/	django.contrib.admin.options.changelist_view	admin:education_financialtermcard_changelist
/admin/education/financialtermcard/<path:object_id>/	django.views.generic.base.RedirectView
/admin/education/financialtermcard/<path:object_id>/change/	django.contrib.admin.options.change_view	admin:education_financialtermcard_change
/admin/education/financialtermcard/<path:object_id>/delete/	django.contrib.admin.options.delete_view	admin:education_financialtermcard_delete
/admin/education/financialtermcard/<path:object_id>/history/	django.contrib.admin.options.history_view	admin:education_financialtermcard_history
/admin/education/financialtermcard/add/	django.contrib.admin.options.add_view	admin:education_financialtermcard_add
/admin/education/forum/	django.contrib.admin.options.changelist_view	admin:education_forum_changelist
/admin/education/forum/<path:object_id>/	django.views.generic.base.RedirectView
/admin/education/forum/<path:object_id>/change/	django.contrib.admin.options.change_view	admin:education_forum_change
/admin/education/forum/<path:object_id>/delete/	django.contrib.admin.options.delete_view	admin:education_forum_delete
/admin/education/forum/<path:object_id>/history/	django.contrib.admin.options.history_view	admin:education_forum_history
/admin/education/forum/add/	django.contrib.admin.options.add_view	admin:education_forum_add
/admin/education/forumpost/	django.contrib.admin.options.changelist_view	admin:education_forumpost_changelist
/admin/education/forumpost/<path:object_id>/	django.views.generic.base.RedirectView
/admin/education/forumpost/<path:object_id>/change/	django.contrib.admin.options.change_view	admin:education_forumpost_change
/admin/education/forumpost/<path:object_id>/delete/	django.contrib.admin.options.delete_view	admin:education_forumpost_delete
/admin/education/forumpost/<path:object_id>/history/	django.contrib.admin.options.history_view	admin:education_forumpost_history
/admin/education/forumpost/add/	django.contrib.admin.options.add_view	admin:education_forumpost_add
/admin/education/forumtopic/	django.contrib.admin.options.changelist_view	admin:education_forumtopic_changelist
/admin/education/forumtopic/<path:object_id>/	django.views.generic.base.RedirectView
/admin/education/forumtopic/<path:object_id>/change/	django.contrib.admin.options.change_view	admin:education_forumtopic_change
/admin/education/forumtopic/<path:object_id>/delete/	django.contrib.admin.options.delete_view	admin:education_forumtopic_delete
/admin/education/forumtopic/<path:object_id>/history/	django.contrib.admin.options.history_view	admin:education_forumtopic_history
/admin/education/forumtopic/add/	django.contrib.admin.options.add_view	admin:education_forumtopic_add
/admin/education/groupassignment/	django.contrib.admin.options.changelist_view	admin:education_groupassignment_changelist
/admin/education/groupassignment/<path:object_id>/	django.views.generic.base.RedirectView
/admin/education/groupassignment/<path:object_id>/change/	django.contrib.admin.options.change_view	admin:education_groupassignment_change
/admin/education/groupassignment/<path:object_id>/delete/	django.contrib.admin.options.delete_view	admin:education_groupassignment_delete
/admin/education/groupassignment/<path:object_id>/history/	django.contrib.admin.options.history_view	admin:education_groupassignment_history
/admin/education/groupassignment/add/	django.contrib.admin.options.add_view	admin:education_groupassignment_add
/admin/education/learningcontent/	django.contrib.admin.options.changelist_view	admin:education_learningcontent_changelist
/admin/education/learningcontent/<path:object_id>/	django.views.generic.base.RedirectView
/admin/education/learningcontent/<path:object_id>/change/	django.contrib.admin.options.change_view	admin:education_learningcontent_change
/admin/education/learningcontent/<path:object_id>/delete/	django.contrib.admin.options.delete_view	admin:education_learningcontent_delete
/admin/education/learningcontent/<path:object_id>/history/	django.contrib.admin.options.history_view	admin:education_learningcontent_history
/admin/education/learningcontent/add/	django.contrib.admin.options.add_view	admin:education_learningcontent_add
/admin/education/level/	django.contrib.admin.options.changelist_view	admin:education_level_changelist
/admin/education/level/<path:object_id>/	django.views.generic.base.RedirectView
/admin/education/level/<path:object_id>/change/	django.contrib.admin.options.change_view	admin:education_level_change
/admin/education/level/<path:object_id>/delete/	django.contrib.admin.options.delete_view	admin:education_level_delete
/admin/education/level/<path:object_id>/history/	django.contrib.admin.options.history_view	admin:education_level_history
/admin/education/level/add/	django.contrib.admin.options.add_view	admin:education_level_add
/admin/education/studentgamificationprogress/	django.contrib.admin.options.changelist_view	admin:education_studentgamificationprogress_changelist
/admin/education/studentgamificationprogress/<path:object_id>/	django.views.generic.base.RedirectView
/admin/education/studentgamificationprogress/<path:object_id>/change/	django.contrib.admin.options.change_view	admin:education_studentgamificationprogress_change
/admin/education/studentgamificationprogress/<path:object_id>/delete/	django.contrib.admin.options.delete_view	admin:education_studentgamificationprogress_delete
/admin/education/studentgamificationprogress/<path:object_id>/history/	django.contrib.admin.options.history_view	admin:education_studentgamificationprogress_history
/admin/education/studentgamificationprogress/add/	django.contrib.admin.options.add_view	admin:education_studentgamificationprogress_add
/admin/finance/account/	django.contrib.admin.options.changelist_view	admin:finance_account_changelist
/admin/finance/account/<path:object_id>/	django.views.generic.base.RedirectView
/admin/finance/account/<path:object_id>/change/	django.contrib.admin.options.change_view	admin:finance_account_change
/admin/finance/account/<path:object_id>/delete/	django.contrib.admin.options.delete_view	admin:finance_account_delete
/admin/finance/account/<path:object_id>/history/	django.contrib.admin.options.history_view	admin:finance_account_history
/admin/finance/account/add/	django.contrib.admin.options.add_view	admin:finance_account_add
/admin/finance/aiconfig/	django.contrib.admin.options.changelist_view	admin:finance_aiconfig_changelist
/admin/finance/aiconfig/<path:object_id>/	django.views.generic.base.RedirectView
/admin/finance/aiconfig/<path:object_id>/change/	django.contrib.admin.options.change_view	admin:finance_aiconfig_change
/admin/finance/aiconfig/<path:object_id>/delete/	django.contrib.admin.options.delete_view	admin:finance_aiconfig_delete
/admin/finance/aiconfig/<path:object_id>/history/	django.contrib.admin.options.history_view	admin:finance_aiconfig_history
/admin/finance/aiconfig/add/	django.contrib.admin.options.add_view	admin:finance_aiconfig_add
/admin/finance/bankaccount/	django.contrib.admin.options.changelist_view	admin:finance_bankaccount_changelist
/admin/finance/bankaccount/<path:object_id>/	django.views.generic.base.RedirectView
/admin/finance/bankaccount/<path:object_id>/change/	django.contrib.admin.options.change_view	admin:finance_bankaccount_change
/admin/finance/bankaccount/<path:object_id>/delete/	django.contrib.admin.options.delete_view	admin:finance_bankaccount_delete
/admin/finance/bankaccount/<path:object_id>/history/	django.contrib.admin.options.history_view	admin:finance_bankaccount_history
/admin/finance/bankaccount/add/	django.contrib.admin.options.add_view	admin:finance_bankaccount_add
/admin/finance/budget/	django.contrib.admin.options.changelist_view	admin:finance_budget_changelist
/admin/finance/budget/<path:object_id>/	django.views.generic.base.RedirectView
/admin/finance/budget/<path:object_id>/change/	django.contrib.admin.options.change_view	admin:finance_budget_change
/admin/finance/budget/<path:object_id>/delete/	django.contrib.admin.options.delete_view	admin:finance_budget_delete
/admin/finance/budget/<path:object_id>/history/	django.contrib.admin.options.history_view	admin:finance_budget_history
/admin/finance/budget/add/	django.contrib.admin.options.add_view	admin:finance_budget_add
/admin/finance/cashflow/	django.contrib.admin.options.changelist_view	admin:finance_cashflow_changelist
/admin/finance/cashflow/<path:object_id>/	django.views.generic.base.RedirectView
/admin/finance/cashflow/<path:object_id>/change/	django.contrib.admin.options.change_view	admin:finance_cashflow_change
/admin/finance/cashflow/<path:object_id>/delete/	django.contrib.admin.options.delete_view	admin:finance_cashflow_delete
/admin/finance/cashflow/<path:object_id>/history/	django.contrib.admin.options.history_view	admin:finance_cashflow_history
/admin/finance/cashflow/add/	django.contrib.admin.options.add_view	admin:finance_cashflow_add
/admin/finance/creditcardstatus/	django.contrib.admin.options.changelist_view	admin:finance_creditcardstatus_changelist
/admin/finance/creditcardstatus/<path:object_id>/	django.views.generic.base.RedirectView
/admin/finance/creditcardstatus/<path:object_id>/change/	django.contrib.admin.options.change_view	admin:finance_creditcardstatus_change
/admin/finance/creditcardstatus/<path:object_id>/delete/	django.contrib.admin.options.delete_view	admin:finance_creditcardstatus_delete
/admin/finance/creditcardstatus/<path:object_id>/history/	django.contrib.admin.options.history_view	admin:finance_creditcardstatus_history
/admin/finance/creditcardstatus/add/	django.contrib.admin.options.add_view	admin:finance_creditcardstatus_add
/admin/finance/einvoice/	django.contrib.admin.options.changelist_view	admin:finance_einvoice_changelist
/admin/finance/einvoice/<path:object_id>/	django.views.generic.base.RedirectView
/admin/finance/einvoice/<path:object_id>/change/	django.contrib.admin.options.change_view	admin:finance_einvoice_change
/admin/finance/einvoice/<path:object_id>/delete/	django.contrib.admin.options.delete_view	admin:finance_einvoice_delete
/admin/finance/einvoice/<path:object_id>/history/	django.contrib.admin.options.history_view	admin:finance_einvoice_history
/admin/finance/einvoice/add/	django.contrib.admin.options.add_view	admin:finance_einvoice_add
/admin/finance/einvoiceitem/	django.contrib.admin.options.changelist_view	admin:finance_einvoiceitem_changelist
/admin/finance/einvoiceitem/<path:object_id>/	django.views.generic.base.RedirectView
/admin/finance/einvoiceitem/<path:object_id>/change/	django.contrib.admin.options.change_view	admin:finance_einvoiceitem_change
/admin/finance/einvoiceitem/<path:object_id>/delete/	django.contrib.admin.options.delete_view	admin:finance_einvoiceitem_delete
/admin/finance/einvoiceitem/<path:object_id>/history/	django.contrib.admin.options.history_view	admin:finance_einvoiceitem_history
/admin/finance/einvoiceitem/add/	django.contrib.admin.options.add_view	admin:finance_einvoiceitem_add
/admin/finance/employee/	django.contrib.admin.options.changelist_view	admin:finance_employee_changelist
/admin/finance/employee/<path:object_id>/	django.views.generic.base.RedirectView
/admin/finance/employee/<path:object_id>/change/	django.contrib.admin.options.change_view	admin:finance_employee_change
/admin/finance/employee/<path:object_id>/delete/	django.contrib.admin.options.delete_view	admin:finance_employee_delete
/admin/finance/employee/<path:object_id>/history/	django.contrib.admin.options.history_view	admin:finance_employee_history
/admin/finance/employee/add/	django.contrib.admin.options.add_view	admin:finance_employee_add
/admin/finance/financialreport/	django.contrib.admin.options.changelist_view	admin:finance_financialreport_changelist
/admin/finance/financialreport/<path:object_id>/	django.views.generic.base.RedirectView
/admin/finance/financialreport/<path:object_id>/change/	django.contrib.admin.options.change_view	admin:finance_financialreport_change
/admin/finance/financialreport/<path:object_id>/delete/	django.contrib.admin.options.delete_view	admin:finance_financialreport_delete
/admin/finance/financialreport/<path:object_id>/history/	django.contrib.admin.options.history_view	admin:finance_financialreport_history
/admin/finance/financialreport/add/	django.contrib.admin.options.add_view	admin:finance_financialreport_add
/admin/finance/incomestatement/	django.contrib.admin.options.changelist_view	admin:finance_incomestatement_changelist
/admin/finance/incomestatement/<path:object_id>/	django.views.generic.base.RedirectView
/admin/finance/incomestatement/<path:object_id>/change/	django.contrib.admin.options.change_view	admin:finance_incomestatement_change
/admin/finance/incomestatement/<path:object_id>/delete/	django.contrib.admin.options.delete_view	admin:finance_incomestatement_delete
/admin/finance/incomestatement/<path:object_id>/history/	django.contrib.admin.options.history_view	admin:finance_incomestatement_history
/admin/finance/incomestatement/add/	django.contrib.admin.options.add_view	admin:finance_incomestatement_add
/admin/finance/investmentasset/	django.contrib.admin.options.changelist_view	admin:finance_investmentasset_changelist
/admin/finance/investmentasset/<path:object_id>/	django.views.generic.base.RedirectView
/admin/finance/investmentasset/<path:object_id>/change/	django.contrib.admin.options.change_view	admin:finance_investmentasset_change
/admin/finance/investmentasset/<path:object_id>/delete/	django.contrib.admin.options.delete_view	admin:finance_investmentasset_delete
/admin/finance/investmentasset/<path:object_id>/history/	django.contrib.admin.options.history_view	admin:finance_investmentasset_history
/admin/finance/investmentasset/add/	django.contrib.admin.options.add_view	admin:finance_investmentasset_add
/admin/finance/invoice/	django.contrib.admin.options.changelist_view	admin:finance_invoice_changelist
/admin/finance/invoice/<path:object_id>/	django.views.generic.base.RedirectView
/admin/finance/invoice/<path:object_id>/change/	django.contrib.admin.options.change_view	admin:finance_invoice_change
/admin/finance/invoice/<path:object_id>/delete/	django.contrib.admin.options.delete_view	admin:finance_invoice_delete
/admin/finance/invoice/<path:object_id>/history/	django.contrib.admin.options.history_view	admin:finance_invoice_history
/admin/finance/invoice/add/	django.contrib.admin.options.add_view	admin:finance_invoice_add
/admin/finance/invoicerecord/	django.contrib.admin.options.changelist_view	admin:finance_invoicerecord_changelist
/admin/finance/invoicerecord/<path:object_id>/	django.views.generic.base.RedirectView
/admin/finance/invoicerecord/<path:object_id>/change/	django.contrib.admin.options.change_view	admin:finance_invoicerecord_change
/admin/finance/invoicerecord/<path:object_id>/delete/	django.contrib.admin.options.delete_view	admin:finance_invoicerecord_delete
/admin/finance/invoicerecord/<path:object_id>/history/	django.contrib.admin.options.history_view	admin:finance_invoicerecord_history
/admin/finance/invoicerecord/add/	django.contrib.admin.options.add_view	admin:finance_invoicerecord_add
/admin/finance/tax/	django.contrib.admin.options.changelist_view	admin:finance_tax_changelist
/admin/finance/tax/<path:object_id>/	django.views.generic.base.RedirectView
/admin/finance/tax/<path:object_id>/change/	django.contrib.admin.options.change_view	admin:finance_tax_change
/admin/finance/tax/<path:object_id>/delete/	django.contrib.admin.options.delete_view	admin:finance_tax_delete
/admin/finance/tax/<path:object_id>/history/	django.contrib.admin.options.history_view	admin:finance_tax_history
/admin/finance/tax/add/	django.contrib.admin.options.add_view	admin:finance_tax_add
/admin/finance/transaction/	django.contrib.admin.options.changelist_view	admin:finance_transaction_changelist
/admin/finance/transaction/<path:object_id>/	django.views.generic.base.RedirectView
/admin/finance/transaction/<path:object_id>/change/	django.contrib.admin.options.change_view	admin:finance_transaction_change
/admin/finance/transaction/<path:object_id>/delete/	django.contrib.admin.options.delete_view	admin:finance_transaction_delete
/admin/finance/transaction/<path:object_id>/history/	django.contrib.admin.options.history_view	admin:finance_transaction_history
/admin/finance/transaction/add/	django.contrib.admin.options.add_view	admin:finance_transaction_add
/admin/finance/voucher/	django.contrib.admin.options.changelist_view	admin:finance_voucher_changelist
/admin/finance/voucher/<path:object_id>/	django.views.generic.base.RedirectView
/admin/finance/voucher/<path:object_id>/change/	django.contrib.admin.options.change_view	admin:finance_voucher_change
/admin/finance/voucher/<path:object_id>/delete/	django.contrib.admin.options.delete_view	admin:finance_voucher_delete
/admin/finance/voucher/<path:object_id>/history/	django.contrib.admin.options.history_view	admin:finance_voucher_history
/admin/finance/voucher/add/	django.contrib.admin.options.add_view	admin:finance_voucher_add
/admin/finance_accounting/account/	django.contrib.admin.options.changelist_view	admin:finance_accounting_account_changelist
/admin/finance_accounting/account/<path:object_id>/	django.views.generic.base.RedirectView
/admin/finance_accounting/account/<path:object_id>/change/	django.contrib.admin.options.change_view	admin:finance_accounting_account_change
/admin/finance_accounting/account/<path:object_id>/delete/	django.contrib.admin.options.delete_view	admin:finance_accounting_account_delete
/admin/finance_accounting/account/<path:object_id>/history/	django.contrib.admin.options.history_view	admin:finance_accounting_account_history
/admin/finance_accounting/account/add/	django.contrib.admin.options.add_view	admin:finance_accounting_account_add
/admin/finance_accounting/accounttype/	django.contrib.admin.options.changelist_view	admin:finance_accounting_accounttype_changelist
/admin/finance_accounting/accounttype/<path:object_id>/	django.views.generic.base.RedirectView
/admin/finance_accounting/accounttype/<path:object_id>/change/	django.contrib.admin.options.change_view	admin:finance_accounting_accounttype_change
/admin/finance_accounting/accounttype/<path:object_id>/delete/	django.contrib.admin.options.delete_view	admin:finance_accounting_accounttype_delete
/admin/finance_accounting/accounttype/<path:object_id>/history/	django.contrib.admin.options.history_view	admin:finance_accounting_accounttype_history
/admin/finance_accounting/accounttype/add/	django.contrib.admin.options.add_view	admin:finance_accounting_accounttype_add
/admin/finance_accounting/autobookingrule/	django.contrib.admin.options.changelist_view	admin:finance_accounting_autobookingrule_changelist
/admin/finance_accounting/autobookingrule/<path:object_id>/	django.views.generic.base.RedirectView
/admin/finance_accounting/autobookingrule/<path:object_id>/change/	django.contrib.admin.options.change_view	admin:finance_accounting_autobookingrule_change
/admin/finance_accounting/autobookingrule/<path:object_id>/delete/	django.contrib.admin.options.delete_view	admin:finance_accounting_autobookingrule_delete
/admin/finance_accounting/autobookingrule/<path:object_id>/history/	django.contrib.admin.options.history_view	admin:finance_accounting_autobookingrule_history
/admin/finance_accounting/autobookingrule/add/	django.contrib.admin.options.add_view	admin:finance_accounting_autobookingrule_add
/admin/finance_accounting/currency/	django.contrib.admin.options.changelist_view	admin:finance_accounting_currency_changelist
/admin/finance_accounting/currency/<path:object_id>/	django.views.generic.base.RedirectView
/admin/finance_accounting/currency/<path:object_id>/change/	django.contrib.admin.options.change_view	admin:finance_accounting_currency_change
/admin/finance_accounting/currency/<path:object_id>/delete/	django.contrib.admin.options.delete_view	admin:finance_accounting_currency_delete
/admin/finance_accounting/currency/<path:object_id>/history/	django.contrib.admin.options.history_view	admin:finance_accounting_currency_history
/admin/finance_accounting/currency/add/	django.contrib.admin.options.add_view	admin:finance_accounting_currency_add
/admin/finance_accounting/financialreport/	django.contrib.admin.options.changelist_view	admin:finance_accounting_financialreport_changelist
/admin/finance_accounting/financialreport/<path:object_id>/	django.views.generic.base.RedirectView
/admin/finance_accounting/financialreport/<path:object_id>/change/	django.contrib.admin.options.change_view	admin:finance_accounting_financialreport_change
/admin/finance_accounting/financialreport/<path:object_id>/delete/	django.contrib.admin.options.delete_view	admin:finance_accounting_financialreport_delete
/admin/finance_accounting/financialreport/<path:object_id>/history/	django.contrib.admin.options.history_view	admin:finance_accounting_financialreport_history
/admin/finance_accounting/financialreport/add/	django.contrib.admin.options.add_view	admin:finance_accounting_financialreport_add
/admin/finance_accounting/glbalance/	django.contrib.admin.options.changelist_view	admin:finance_accounting_glbalance_changelist
/admin/finance_accounting/glbalance/<path:object_id>/	django.views.generic.base.RedirectView
/admin/finance_accounting/glbalance/<path:object_id>/change/	django.contrib.admin.options.change_view	admin:finance_accounting_glbalance_change
/admin/finance_accounting/glbalance/<path:object_id>/delete/	django.contrib.admin.options.delete_view	admin:finance_accounting_glbalance_delete
/admin/finance_accounting/glbalance/<path:object_id>/history/	django.contrib.admin.options.history_view	admin:finance_accounting_glbalance_history
/admin/finance_accounting/glbalance/add/	django.contrib.admin.options.add_view	admin:finance_accounting_glbalance_add
/admin/finance_accounting/postingrule/	django.contrib.admin.options.changelist_view	admin:finance_accounting_postingrule_changelist
/admin/finance_accounting/postingrule/<path:object_id>/	django.views.generic.base.RedirectView
/admin/finance_accounting/postingrule/<path:object_id>/change/	django.contrib.admin.options.change_view	admin:finance_accounting_postingrule_change
/admin/finance_accounting/postingrule/<path:object_id>/delete/	django.contrib.admin.options.delete_view	admin:finance_accounting_postingrule_delete
/admin/finance_accounting/postingrule/<path:object_id>/history/	django.contrib.admin.options.history_view	admin:finance_accounting_postingrule_history
/admin/finance_accounting/postingrule/add/	django.contrib.admin.options.add_view	admin:finance_accounting_postingrule_add
/admin/finance_accounting/voucher/	django.contrib.admin.options.changelist_view	admin:finance_accounting_voucher_changelist
/admin/finance_accounting/voucher/<path:object_id>/	django.views.generic.base.RedirectView
/admin/finance_accounting/voucher/<path:object_id>/change/	django.contrib.admin.options.change_view	admin:finance_accounting_voucher_change
/admin/finance_accounting/voucher/<path:object_id>/delete/	django.contrib.admin.options.delete_view	admin:finance_accounting_voucher_delete
/admin/finance_accounting/voucher/<path:object_id>/history/	django.contrib.admin.options.history_view	admin:finance_accounting_voucher_history
/admin/finance_accounting/voucher/add/	django.contrib.admin.options.add_view	admin:finance_accounting_voucher_add
/admin/finance_accounting/voucherline/	django.contrib.admin.options.changelist_view	admin:finance_accounting_voucherline_changelist
/admin/finance_accounting/voucherline/<path:object_id>/	django.views.generic.base.RedirectView
/admin/finance_accounting/voucherline/<path:object_id>/change/	django.contrib.admin.options.change_view	admin:finance_accounting_voucherline_change
/admin/finance_accounting/voucherline/<path:object_id>/delete/	django.contrib.admin.options.delete_view	admin:finance_accounting_voucherline_delete
/admin/finance_accounting/voucherline/<path:object_id>/history/	django.contrib.admin.options.history_view	admin:finance_accounting_voucherline_history
/admin/finance_accounting/voucherline/add/	django.contrib.admin.options.add_view	admin:finance_accounting_voucherline_add
/admin/finance_accounting/vouchertype/	django.contrib.admin.options.changelist_view	admin:finance_accounting_vouchertype_changelist
/admin/finance_accounting/vouchertype/<path:object_id>/	django.views.generic.base.RedirectView
/admin/finance_accounting/vouchertype/<path:object_id>/change/	django.contrib.admin.options.change_view	admin:finance_accounting_vouchertype_change
/admin/finance_accounting/vouchertype/<path:object_id>/delete/	django.contrib.admin.options.delete_view	admin:finance_accounting_vouchertype_delete
/admin/finance_accounting/vouchertype/<path:object_id>/history/	django.contrib.admin.options.history_view	admin:finance_accounting_vouchertype_history
/admin/finance_accounting/vouchertype/add/	django.contrib.admin.options.add_view	admin:finance_accounting_vouchertype_add
/admin/games/game/	django.contrib.admin.options.changelist_view	admin:games_game_changelist
/admin/games/game/<path:object_id>/	django.views.generic.base.RedirectView
/admin/games/game/<path:object_id>/change/	django.contrib.admin.options.change_view	admin:games_game_change
/admin/games/game/<path:object_id>/delete/	django.contrib.admin.options.delete_view	admin:games_game_delete
/admin/games/game/<path:object_id>/history/	django.contrib.admin.options.history_view	admin:games_game_history
/admin/games/game/add/	django.contrib.admin.options.add_view	admin:games_game_add
/admin/jsi18n/	django.contrib.admin.sites.i18n_javascript	admin:jsi18n
/admin/login/	django.contrib.admin.sites.login	admin:login
/admin/logout/	django.contrib.admin.sites.logout	admin:logout
/admin/management/actionlog/	django.contrib.admin.options.changelist_view	admin:management_actionlog_changelist
/admin/management/actionlog/<path:object_id>/	django.views.generic.base.RedirectView
/admin/management/actionlog/<path:object_id>/change/	django.contrib.admin.options.change_view	admin:management_actionlog_change
/admin/management/actionlog/<path:object_id>/delete/	django.contrib.admin.options.delete_view	admin:management_actionlog_delete
/admin/management/actionlog/<path:object_id>/history/	django.contrib.admin.options.history_view	admin:management_actionlog_history
/admin/management/actionlog/add/	django.contrib.admin.options.add_view	admin:management_actionlog_add
/admin/management/helpcontent/	django.contrib.admin.options.changelist_view	admin:management_helpcontent_changelist
/admin/management/helpcontent/<path:object_id>/	django.views.generic.base.RedirectView
/admin/management/helpcontent/<path:object_id>/change/	django.contrib.admin.options.change_view	admin:management_helpcontent_change
/admin/management/helpcontent/<path:object_id>/delete/	django.contrib.admin.options.delete_view	admin:management_helpcontent_delete
/admin/management/helpcontent/<path:object_id>/history/	django.contrib.admin.options.history_view	admin:management_helpcontent_history
/admin/management/helpcontent/add/	django.contrib.admin.options.add_view	admin:management_helpcontent_add
/admin/management/notification/	django.contrib.admin.options.changelist_view	admin:management_notification_changelist
/admin/management/notification/<path:object_id>/	django.views.generic.base.RedirectView
/admin/management/notification/<path:object_id>/change/	django.contrib.admin.options.change_view	admin:management_notification_change
/admin/management/notification/<path:object_id>/delete/	django.contrib.admin.options.delete_view	admin:management_notification_delete
/admin/management/notification/<path:object_id>/history/	django.contrib.admin.options.history_view	admin:management_notification_history
/admin/management/notification/add/	django.contrib.admin.options.add_view	admin:management_notification_add
/admin/password_change/	django.contrib.admin.sites.password_change	admin:password_change
/admin/password_change/done/	django.contrib.admin.sites.password_change_done	admin:password_change_done
/admin/r/<int:content_type_id>/<path:object_id>/	django.contrib.contenttypes.views.shortcut	admin:view_on_site
/ai-assistant/	rest_framework.routers.APIRootView	ai_assistant:api-root
/ai-assistant/<drf_format_suffix:format>	rest_framework.routers.APIRootView	ai_assistant:api-root
/ai-assistant/ai-feedback/	FinAsis.apps.ai_assistant.views.AIFeedbackViewSet	ai_assistant:aifeedback-list
/ai-assistant/ai-feedback/<pk>/	FinAsis.apps.ai_assistant.views.AIFeedbackViewSet	ai_assistant:aifeedback-detail
/ai-assistant/ai-feedback/<pk>\.<format>/	FinAsis.apps.ai_assistant.views.AIFeedbackViewSet	ai_assistant:aifeedback-detail
/ai-assistant/ai-feedback\.<format>/	FinAsis.apps.ai_assistant.views.AIFeedbackViewSet	ai_assistant:aifeedback-list
/ai-assistant/ai-insights/	FinAsis.apps.ai_assistant.views.AIInsightViewSet	ai_assistant:aiinsight-list
/ai-assistant/ai-insights/<pk>/	FinAsis.apps.ai_assistant.views.AIInsightViewSet	ai_assistant:aiinsight-detail
/ai-assistant/ai-insights/<pk>\.<format>/	FinAsis.apps.ai_assistant.views.AIInsightViewSet	ai_assistant:aiinsight-detail
/ai-assistant/ai-insights\.<format>/	FinAsis.apps.ai_assistant.views.AIInsightViewSet	ai_assistant:aiinsight-list
/ai-assistant/ai-models/	FinAsis.apps.ai_assistant.views.AIModelViewSet	ai_assistant:aimodel-list
/ai-assistant/ai-models/<pk>/	FinAsis.apps.ai_assistant.views.AIModelViewSet	ai_assistant:aimodel-detail
/ai-assistant/ai-models/<pk>\.<format>/	FinAsis.apps.ai_assistant.views.AIModelViewSet	ai_assistant:aimodel-detail
/ai-assistant/ai-models\.<format>/	FinAsis.apps.ai_assistant.views.AIModelViewSet	ai_assistant:aimodel-list
/ai-assistant/anomaly-detections/	FinAsis.apps.ai_assistant.views.AnomalyDetectionViewSet	ai_assistant:anomalydetection-list
/ai-assistant/anomaly-detections/<pk>/	FinAsis.apps.ai_assistant.views.AnomalyDetectionViewSet	ai_assistant:anomalydetection-detail
/ai-assistant/anomaly-detections/<pk>\.<format>/	FinAsis.apps.ai_assistant.views.AnomalyDetectionViewSet	ai_assistant:anomalydetection-detail
/ai-assistant/anomaly-detections\.<format>/	FinAsis.apps.ai_assistant.views.AnomalyDetectionViewSet	ai_assistant:anomalydetection-list
/ai-assistant/chat/	FinAsis.apps.ai_assistant.views.ChatViewSet	ai_assistant:chat-list
/ai-assistant/chat\.<format>/	FinAsis.apps.ai_assistant.views.ChatViewSet	ai_assistant:chat-list
/ai-assistant/financial-analysis/	FinAsis.apps.ai_assistant.views.FinancialAnalysisViewSet	ai_assistant:financial-analysis-list
/ai-assistant/financial-analysis\.<format>/	FinAsis.apps.ai_assistant.views.FinancialAnalysisViewSet	ai_assistant:financial-analysis-list
/ai-assistant/financial-predictions/	FinAsis.apps.ai_assistant.views.FinancialPredictionViewSet	ai_assistant:financialprediction-list
/ai-assistant/financial-predictions/<pk>/	FinAsis.apps.ai_assistant.views.FinancialPredictionViewSet	ai_assistant:financialprediction-detail
/ai-assistant/financial-predictions/<pk>\.<format>/	FinAsis.apps.ai_assistant.views.FinancialPredictionViewSet	ai_assistant:financialprediction-detail
/ai-assistant/financial-predictions\.<format>/	FinAsis.apps.ai_assistant.views.FinancialPredictionViewSet	ai_assistant:financialprediction-list
/ai-assistant/financial-reports/	FinAsis.apps.ai_assistant.views.FinancialReportViewSet	ai_assistant:financialreport-list
/ai-assistant/financial-reports/<pk>/	FinAsis.apps.ai_assistant.views.FinancialReportViewSet	ai_assistant:financialreport-detail
/ai-assistant/financial-reports/<pk>\.<format>/	FinAsis.apps.ai_assistant.views.FinancialReportViewSet	ai_assistant:financialreport-detail
/ai-assistant/financial-reports\.<format>/	FinAsis.apps.ai_assistant.views.FinancialReportViewSet	ai_assistant:financialreport-list
/ai-assistant/market-analysis/	FinAsis.apps.ai_assistant.views.MarketAnalysisViewSet	ai_assistant:marketanalysis-list
/ai-assistant/market-analysis/<pk>/	FinAsis.apps.ai_assistant.views.MarketAnalysisViewSet	ai_assistant:marketanalysis-detail
/ai-assistant/market-analysis/<pk>\.<format>/	FinAsis.apps.ai_assistant.views.MarketAnalysisViewSet	ai_assistant:marketanalysis-detail
/ai-assistant/market-analysis/latest/	FinAsis.apps.ai_assistant.views.MarketAnalysisViewSet	ai_assistant:marketanalysis-latest
/ai-assistant/market-analysis/latest\.<format>/	FinAsis.apps.ai_assistant.views.MarketAnalysisViewSet	ai_assistant:marketanalysis-latest
/ai-assistant/market-analysis\.<format>/	FinAsis.apps.ai_assistant.views.MarketAnalysisViewSet	ai_assistant:marketanalysis-list
/ai-assistant/ml/financial-forecast/	FinAsis.apps.ai_assistant.views.financial_forecast_api	ai_assistant:ml-financial-forecast
/ai-assistant/ml/recommendation/	FinAsis.apps.ai_assistant.views.recommendation_api	ai_assistant:ml-recommendation
/ai-assistant/ml/risk-score/	FinAsis.apps.ai_assistant.views.risk_score_api	ai_assistant:ml-risk-score
/ai-assistant/notifications/	FinAsis.apps.ai_assistant.views.NotificationViewSet	ai_assistant:notification-list
/ai-assistant/notifications/<pk>/	FinAsis.apps.ai_assistant.views.NotificationViewSet	ai_assistant:notification-detail
/ai-assistant/notifications/<pk>\.<format>/	FinAsis.apps.ai_assistant.views.NotificationViewSet	ai_assistant:notification-detail
/ai-assistant/notifications\.<format>/	FinAsis.apps.ai_assistant.views.NotificationViewSet	ai_assistant:notification-list
/ai-assistant/ocr/	FinAsis.apps.ai_assistant.views.OCRViewSet	ai_assistant:ocr-list
/ai-assistant/ocr\.<format>/	FinAsis.apps.ai_assistant.views.OCRViewSet	ai_assistant:ocr-list
/ai-assistant/recommendations/	FinAsis.apps.ai_assistant.views.RecommendationViewSet	ai_assistant:recommendation-list
/ai-assistant/recommendations/<pk>/	FinAsis.apps.ai_assistant.views.RecommendationViewSet	ai_assistant:recommendation-detail
/ai-assistant/recommendations/<pk>\.<format>/	FinAsis.apps.ai_assistant.views.RecommendationViewSet	ai_assistant:recommendation-detail
/ai-assistant/recommendations\.<format>/	FinAsis.apps.ai_assistant.views.RecommendationViewSet	ai_assistant:recommendation-list
/ai-assistant/trend-analysis/	FinAsis.apps.ai_assistant.views.TrendAnalysisViewSet	ai_assistant:trendanalysis-list
/ai-assistant/trend-analysis/<pk>/	FinAsis.apps.ai_assistant.views.TrendAnalysisViewSet	ai_assistant:trendanalysis-detail
/ai-assistant/trend-analysis/<pk>\.<format>/	FinAsis.apps.ai_assistant.views.TrendAnalysisViewSet	ai_assistant:trendanalysis-detail
/ai-assistant/trend-analysis\.<format>/	FinAsis.apps.ai_assistant.views.TrendAnalysisViewSet	ai_assistant:trendanalysis-list
/ai-assistant/user-interactions/	FinAsis.apps.ai_assistant.views.UserInteractionViewSet	ai_assistant:userinteraction-list
/ai-assistant/user-interactions/<pk>/	FinAsis.apps.ai_assistant.views.UserInteractionViewSet	ai_assistant:userinteraction-detail
/ai-assistant/user-interactions/<pk>\.<format>/	FinAsis.apps.ai_assistant.views.UserInteractionViewSet	ai_assistant:userinteraction-detail
/ai-assistant/user-interactions\.<format>/	FinAsis.apps.ai_assistant.views.UserInteractionViewSet	ai_assistant:userinteraction-list
/ai-assistant/user-preferences/	FinAsis.apps.ai_assistant.views.UserPreferenceViewSet	ai_assistant:userpreference-list
/ai-assistant/user-preferences/<pk>/	FinAsis.apps.ai_assistant.views.UserPreferenceViewSet	ai_assistant:userpreference-detail
/ai-assistant/user-preferences/<pk>\.<format>/	FinAsis.apps.ai_assistant.views.UserPreferenceViewSet	ai_assistant:userpreference-detail
/ai-assistant/user-preferences\.<format>/	FinAsis.apps.ai_assistant.views.UserPreferenceViewSet	ai_assistant:userpreference-list
/blockchain/	FinAsis.apps.blockchain.views.home	blockchain:home
/blockchain/api/verify/	FinAsis.apps.blockchain.views.api_verify	blockchain:api_verify
/blockchain/records/	FinAsis.apps.blockchain.views.record_list	blockchain:record_list
/blockchain/records/create/	FinAsis.apps.blockchain.views.record_create	blockchain:record_create
/common/approvals/<int:pk>/<str:action>/	FinAsis.apps.common.views.approval_action	common:approval_action
/common/approvals/request/<str:app_label>/<str:model>/<int:pk>/	FinAsis.apps.common.views.request_approval	common:request_approval
/common/audit/	FinAsis.apps.common.views.audit_list	common:audit_list
/contact/	FinAsis.views.contact	contact
/dashboard/	FinAsis.views.dashboard	dashboard
/education/	FinAsis.views.education	education
/favicon.ico	django.views.generic.base.RedirectView
/finance/	FinAsis.apps.finance.home.finance_home	finance_home
/finance/bank-accounts/	FinAsis.apps.finance.views.banking.BankAccountListView	bank_account_list
/finance/bank-accounts/<int:pk>/	FinAsis.apps.finance.views.banking.BankAccountDetailView	bank_account_detail
/finance/bank-accounts/<int:pk>/delete/	FinAsis.apps.finance.views.banking.BankAccountDeleteView	bank_account_delete
/finance/bank-accounts/<int:pk>/edit/	FinAsis.apps.finance.views.banking.BankAccountUpdateView	bank_account_update
/finance/bank-accounts/create/	FinAsis.apps.finance.views.banking.BankAccountCreateView	bank_account_create
/finance/bank-import/	FinAsis.apps.finance.views.banking.bank_import	bank_import
/finance/bank-summary/	FinAsis.apps.finance.views.banking.bank_summary	bank_summary
/finance/einvoices/	FinAsis.apps.finance.views.einvoice.EInvoiceListView	einvoice_list
/finance/einvoices/<int:invoice_id>/items/add/	FinAsis.apps.finance.views.einvoice.add_invoice_item	einvoice_add_item
/finance/einvoices/<int:invoice_id>/status/update/	FinAsis.apps.finance.views.einvoice.update_invoice_status	einvoice_update_status
/finance/einvoices/<int:pk>/	FinAsis.apps.finance.views.einvoice.EInvoiceDetailView	einvoice_detail
/finance/einvoices/<int:pk>/delete/	FinAsis.apps.finance.views.einvoice.EInvoiceDeleteView	einvoice_delete
/finance/einvoices/<int:pk>/download/	FinAsis.apps.finance.views.einvoice.download_einvoice	einvoice_download
/finance/einvoices/<int:pk>/edit/	FinAsis.apps.finance.views.einvoice.EInvoiceUpdateView	einvoice_edit
/finance/einvoices/<int:pk>/send/	FinAsis.apps.finance.views.einvoice.send_einvoice	einvoice_send
/finance/einvoices/create/	FinAsis.apps.finance.views.einvoice.EInvoiceCreateView	einvoice_create
/finance/invoices/	FinAsis.apps.finance.main_views.InvoiceListView	invoice_list
/finance/invoices/<int:pk>/	FinAsis.apps.finance.main_views.InvoiceDetailView	invoice_detail
/finance/invoices/<int:pk>/delete/	FinAsis.apps.finance.main_views.InvoiceDeleteView	invoice_delete
/finance/invoices/<int:pk>/edit/	FinAsis.apps.finance.main_views.InvoiceUpdateView	invoice_update
/finance/invoices/create/	FinAsis.apps.finance.main_views.InvoiceCreateView	invoice_create
/finance/transactions/	FinAsis.apps.finance.views.banking.TransactionListView	transactions
/finance/transactions/<int:pk>/	FinAsis.apps.finance.views.banking.TransactionDetailView	transaction_detail
/finance/transactions/<int:pk>/delete/	FinAsis.apps.finance.views.banking.TransactionDeleteView	transaction_delete
/finance/transactions/<int:pk>/edit/	FinAsis.apps.finance.views.banking.TransactionUpdateView	transaction_edit
/finance/transactions/create/	FinAsis.apps.finance.views.banking.TransactionCreateView	transaction_create
/finance/voucher/	FinAsis.apps.finance.views.accounting.VoucherListView	voucher_list
/finance/voucher/create/	FinAsis.apps.finance.views.accounting.VoucherCreateView	voucher_create
/games/	FinAsis.apps.games.views.index	games:games_index
/games/<int:game_id>/	FinAsis.apps.games.views.detail	games:game_detail
/games/accounting/	FinAsis.apps.games.views.game_accounting	games:game_accounting
/games/achievements/	FinAsis.apps.games.views.game_achievements	games:game_achievements
/games/collection/	FinAsis.apps.games.views.game_collection	games:game_collection
/games/game_app/	FinAsis.apps.games.game_app.views.welcome	games:game_app:welcome
/games/game_app/budget-challenge/	FinAsis.apps.games.game_app.views.budget_challenge	games:game_app:budget_challenge
/games/game_app/games/	FinAsis.apps.games.game_app.views.games	games:game_app:games
/games/game_app/games/<str:game_key>/	FinAsis.apps.games.game_app.views.game_detail	games:game_app:game_detail
/games/game_app/investment-simulator/	FinAsis.apps.games.game_app.views.investment_simulator	games:game_app:investment_simulator
/games/game_app/investor/	FinAsis.apps.games.game_app.views.investor_dashboard	games:game_app:investor_dashboard
/games/game_app/kobi-dashboard/	FinAsis.apps.games.game_app.views.kobi_dashboard	games:game_app:kobi_dashboard
/games/game_app/kobi/	FinAsis.apps.games.game_app.views.kobi_dashboard	games:game_app:kobi_dashboard
/games/game_app/quiz/	FinAsis.apps.games.game_app.views.quiz	games:game_app:quiz
/games/game_app/stock-market/	FinAsis.apps.games.game_app.views.stock_market_game	games:game_app:stock_market
/games/game_app/student/	FinAsis.apps.games.game_app.views.student_dashboard	games:game_app:student_dashboard
/games/game_app/trade-trail-3d/	FinAsis.apps.games.game_app.views.trade_trail_3d	games:game_app:trade_trail_3d
/games/game_app/trade-trail/	FinAsis.apps.games.game_app.views.trade_trail	games:game_app:trade_trail
/games/game_app/tradesim/	FinAsis.apps.games.game_app.views.tradesim	games:game_app:tradesim
/games/game_app/virtual-company/	FinAsis.apps.games.game_app.views.virtual_company_dashboard	games:game_app:virtual_company_dashboard
/games/inventory/	FinAsis.apps.games.views.game_inventory	games:game_inventory
/games/investing/	FinAsis.apps.games.views.game_investing	games:game_investing
/games/learning/	FinAsis.apps.games.views.game_learning	games:game_learning
/games/market/	FinAsis.apps.games.views.game_market	games:game_market
/games/social/	FinAsis.apps.games.views.game_social	games:game_social
/games/tax/	FinAsis.apps.games.views.game_tax	games:game_tax
/games/trade-sim/ai-market-suggestion/	FinAsis.apps.games.trade_sim.views.ai_market_suggestion	games:trade_sim:ai_market_suggestion
/games/trade-sim/api/qr-reward/	FinAsis.apps.games.trade_sim.views.qr_reward	games:trade_sim:qr_reward
/games/trade-sim/character-quests/<int:pk>/	FinAsis.apps.games.trade_sim.views.CharacterQuestDetailView	games:trade_sim:character_quest_detail
/games/trade-sim/characters/	FinAsis.apps.games.trade_sim.views.CharacterListCreateView	games:trade_sim:character_list_create
/games/trade-sim/characters/<int:character_id>/ai-suggestion/	FinAsis.apps.games.trade_sim.views.ai_story_suggestion	games:trade_sim:ai_story_suggestion
/games/trade-sim/characters/<int:character_id>/quests/	FinAsis.apps.games.trade_sim.views.CharacterQuestListCreateView	games:trade_sim:character_quest_list_create
/games/trade-sim/characters/<int:pk>/	FinAsis.apps.games.trade_sim.views.CharacterDetailView	games:trade_sim:character_detail
/games/trade-sim/chat-messages/	FinAsis.apps.games.trade_sim.views.ChatMessageListCreateView	games:trade_sim:chat_message_list_create
/games/trade-sim/chat-messages/<int:pk>/report/	FinAsis.apps.games.trade_sim.views.ChatMessageReportView	games:trade_sim:chat_message_report
/games/trade-sim/cities/	FinAsis.apps.games.trade_sim.views.city_list	games:trade_sim:city_list
/games/trade-sim/cities/<int:city_id>/	FinAsis.apps.games.trade_sim.views.city_detail	games:trade_sim:city_detail
/games/trade-sim/city-markets/<int:city_id>/	FinAsis.apps.games.trade_sim.views.city_market_list	games:trade_sim:city_market_list
/games/trade-sim/city-trade/	FinAsis.apps.games.trade_sim.views.city_trade	games:trade_sim:city_trade
/games/trade-sim/leaderboard/	FinAsis.apps.games.trade_sim.views.leaderboard	games:trade_sim:leaderboard
/games/trade-sim/notifications/	FinAsis.apps.games.trade_sim.views.NotificationListView	games:trade_sim:notification_list
/games/trade-sim/notifications/<int:pk>/read/	FinAsis.apps.games.trade_sim.views.NotificationMarkReadView	games:trade_sim:notification_mark_read
/games/trade-sim/products/	FinAsis.apps.games.trade_sim.views.product_list	games:trade_sim:product_list
/games/trade-sim/quests/	FinAsis.apps.games.trade_sim.views.QuestListView	games:trade_sim:quest_list
/games/trade-sim/start/	FinAsis.apps.games.trade_sim.views.start_game	games:trade_sim:start_game
/games/trade-sim/stats/	FinAsis.apps.games.trade_sim.views.stats	games:trade_sim:stats
/games/trade-sim/tournament-entries/<int:pk>/	FinAsis.apps.games.trade_sim.views.TournamentEntryDetailView	games:trade_sim:tournament_entry_detail
/games/trade-sim/tournaments/	FinAsis.apps.games.trade_sim.views.TournamentListCreateView	games:trade_sim:tournament_list_create
/games/trade-sim/tournaments/<int:pk>/	FinAsis.apps.games.trade_sim.views.TournamentDetailView	games:trade_sim:tournament_detail
/games/trade-sim/tournaments/<int:tournament_id>/entries/	FinAsis.apps.games.trade_sim.views.TournamentEntryListCreateView	games:trade_sim:tournament_entry_list_create
/games/trade-sim/trade/	FinAsis.apps.games.trade_sim.views.trade_between_cities	games:trade_sim:trade_between_cities
/games/trade-sim/trigger-market-event/	FinAsis.apps.games.trade_sim.views.trigger_market_event	games:trade_sim:trigger_market_event
/games/trading/	FinAsis.apps.games.views.game_trading	games:game_trading
/health/	config.urls.health_check
/help/	django.views.generic.base.TemplateView	help
/i18n/setlang/	django.views.i18n.set_language	set_language
/legal/	FinAsis.views.legal	legal
/legal/kvkk/	config.views.kvkk_view	kvkk
/media/<path>	django.views.static.serve
/pricing/	FinAsis.views.pricing	pricing
/privacy-policy/	config.views.privacy_policy	privacy_policy
/redoc/	drf_yasg.views.SchemaView	schema-redoc
/swagger/	drf_yasg.views.SchemaView	schema-swagger-ui
/terms/	config.views.terms_view	terms
/yonetim/api/help-content/	config.views.help_content_api	help_content
